liker_user_name,liking_user_name,list_name
mia.myers,henry.walker,Top Anime
ethan.ramirez,mia.myers,Classic Movies
luke.mitchell,mason.roberts,Top Hits
ethan.ramirez,gabriel.king,Great Songs
oliver.cooper,grace.lee,Best Songs
ethan.anderson,gabriel.king,Great Songs
nathan.baker,michael.williams,Classic Rock
zoe.scott,mia.martin,Anime Night
samantha.campbell,lucas.roberts,Anime Night
daniel.miller,lily.hernandez,Must-See Movies
oliver.watson,william.harris,Favorite Hits
ethan.parker,sophia.thomas,Classic Movies
nathan.lee,hannah.gonzalez,Top Movies
ella.nelson,emma.perry,Retro Hits
mia.hughes,elijah.clark,Top Movies
ava.brooks,mason.roberts,Top Hits
samuel.russell,mia.martin,Anime Night
ryan.cooper,addison.perez,Anime Favs
addison.perez,sophia.thomas,Anime Favorites
ella.nelson,olivia.wilson,Anime Must-Watch
william.thompson,gabriel.king,Great Songs
olivia.wilson,gabriel.king,Great Songs
ryan.cooper,amelia.garcia,Great Movies
julian.rivera,olivia.wilson,Anime Must-Watch
chloe.robinson,emily.ward,Anime Picks
grace.lee,ethan.ramirez,Best Anime
charlotte.rodriguez,mia.phillips,Top Songs
mia.martin,addison.perez,Anime Favs
grace.lee,jacob.ross,Anime Picks
liam.ross,ava.cooper,Top Games
aubrey.collins,charlotte.rodriguez,Game Time
oliver.phillips,mia.hughes,Movie Marathon
aria.stewart,daniel.miller,Top Anime Picks
liam.jenkins,jackson.green,Movie Favorites
jacob.bailey,scarlett.young,Top Games
nathan.lee,james.moore,Hit Songs
aubrey.collins,dylan.mitchell,Top Hits
olivia.wilson,william.thompson,Top Hits
liam.jenkins,liam.ross,Favorite Movies
gabriel.king,daniel.ramirez,Best Anime
john.smith,olivia.peterson,Top Hits
dylan.mitchell,ava.nelson,Game Night
emma.sullivan,ella.hill,Best Songs
ethan.parker,emily.johnson,Fantasy Adventures
william.harris,ava.nelson,Game Night
benjamin.martinez,jacob.carter,Classic Movies
aubrey.wood,ella.nelson,Movie Favorites
daniel.miller,gabriel.king,Great Songs
grace.lee,liam.jenkins,Top Movies
samantha.campbell,zoey.bailey,Top Movies
jacob.bailey,zoey.bailey,Top Movies
jameson.flores,olivia.cooper,Anime Night
madison.davis,ella.hill,Best Songs
carter.lewis,oliver.cooper,Favorite Games
benjamin.martinez,isabella.watson,Top Anime
aria.stewart,avery.hall,Classic Hits
ava.hughes,mia.martin,Movie Night
mia.myers,anna.perez,Anime Picks
wyatt.nguyen,amelia.reed,Favorite Movies
zoey.bailey,logan.jenkins,Classic Songs
joseph.evans,benjamin.martinez,Anime Adventures
james.cooper,ava.richards,Best Anime
mia.phillips,lincoln.roberts,Top Hits
alexander.jackson,jacob.ross,Anime Picks
ethan.foster,oliver.cooper,Favorite Games
jameson.flores,olivia.peterson,Top Hits
charlotte.rodriguez,henry.walker,Top Anime
liam.watson,ethan.ramirez,Best Anime
aubrey.wood,ryan.cooper,Top Movies
oliver.phillips,nathan.lee,Anime Night
ariana.turner,zoe.scott,Anime Binge
anna.perez,olivia.cooper,Anime Night
ella.nelson,mia.martin,Anime Night
noah.parker,madison.davis,Top Anime Series
grace.jenkins,ethan.foster,Favorite Movies
avery.hall,amelia.reed,Favorite Movies
ethan.foster,ethan.murphy,Favorite Movies
ryan.cooper,ava.taylor,Favorite Movies
ella.hill,william.harris,Favorite Hits
luke.mitchell,olivia.peterson,Top Hits
elijah.clark,ryan.cooper,Top Movies
ava.hughes,daniel.ramirez,Best Anime
nathan.lee,carter.lewis,Anime Collection
ella.nelson,grace.lee,Best Songs
lincoln.roberts,colton.long,Favorite Songs
isabella.white,mia.collins,Anime Collection
colton.long,joshua.jones,Must-Watch Anime
olivia.cooper,sophia.wood,Best Anime
ava.taylor,amelia.cook,Top Songs
isabella.white,alexander.jackson,Top Games
brooklyn.sanchez,ava.nelson,Game Night
natalie.king,jacob.bailey,Top Movies
luke.mitchell,joshua.jones,Blockbuster Movies
lucas.roberts,colton.long,Favorite Songs
daniel.ramirez,madison.davis,Top Anime Series
sophia.wood,anna.perez,Anime Picks
ethan.ramirez,zoey.bailey,Top Movies
ryan.cooper,james.cooper,Anime Adventures
william.thompson,avery.hall,Classic Hits
aubrey.collins,jacob.bailey,Top Movies
benjamin.martinez,ava.taylor,Favorite Movies
anna.perez,michael.williams,Retro Games
ethan.anderson,sophia.wood,Best Anime
alexander.jackson,emma.sullivan,Top Hits
liam.watson,oliver.watson,Anime Adventures
carter.lewis,aubrey.collins,Anime Hits
ariana.turner,lily.hernandez,Must-See Movies
samuel.russell,logan.jenkins,Classic Songs
colton.long,zoe.scott,Anime Binge
mia.hughes,ava.taylor,Favorite Movies
ava.cooper,madison.davis,Top Anime Series
chloe.sullivan,ava.hughes,Game Picks
mia.phillips,alexander.jackson,Top Games
ava.brooks,sophia.wood,Best Anime
chloe.robinson,ava.cooper,Top Games
nathan.lee,sophia.thomas,Classic Movies
jacob.richards,isabella.phillips,Great Songs
julian.rivera,olivia.wilson,Thriller Movies
ethan.anderson,lily.hernandez,Must-See Movies
noah.kelly,daniel.miller,Indie Games
oliver.cooper,joshua.jones,Must-Watch Anime
madison.davis,joshua.jones,Blockbuster Movies
isabella.ward,aubrey.collins,Anime Hits
grace.lee,amelia.reed,Favorite Movies
addison.perez,john.smith,Chill Beats
liam.ross,john.smith,Chill Beats
jacob.carter,carter.lewis,Favorite Movies
isabella.phillips,john.smith,Top Action Movies
aria.stewart,emma.brown,Drama Series
john.smith,madison.davis,Top Anime Series
mia.hughes,aria.stewart,Top Songs
ava.brooks,zoe.scott,Anime Binge
mia.myers,lily.hernandez,Must-See Movies
oliver.watson,ella.nelson,Movie Favorites
aubrey.collins,james.moore,Hit Songs
liam.ross,william.thompson,Top Hits
james.cooper,elijah.clark,Top Movies
alexander.jackson,wyatt.nguyen,Favorite Movies
isabella.phillips,ava.richards,Best Anime
liam.watson,daniel.miller,Indie Games
chloe.sullivan,elijah.clark,Top Movies
logan.jenkins,isabella.ward,Movie Favorites
mia.collins,olivia.peterson,Top Hits
jacob.richards,mia.martin,Anime Night
luke.mitchell,joshua.jones,Top RPG Games
jackson.green,sophia.thomas,Anime Favorites
ava.nelson,grace.jenkins,Anime Picks
nathan.baker,olivia.peterson,Top Hits
amelia.garcia,scarlett.young,Top Games
charlotte.rodriguez,olivia.bailey,Anime Collection
ella.nelson,colton.long,Favorite Songs
mia.martin,noah.kelly,Best Hits
dylan.mitchell,jacob.richards,Top Songs
scarlett.young,wyatt.nguyen,Favorite Movies
anna.perez,mia.phillips,Top Songs
james.cooper,jack.howard,Anime Extravaganza
jameson.flores,benjamin.martinez,Anime Adventures
sebastian.allen,scarlett.young,Top Games
william.harris,nathan.lee,Anime Night
james.cooper,joseph.evans,Classic Movies
emily.ward,daniel.miller,Indie Games
mia.hughes,isabelle.nelson,Favorite Songs
ethan.parker,mia.martin,Movie Night
jacob.richards,joshua.jones,Must-Watch Anime
anna.perez,lily.hernandez,Must-See Movies
ethan.foster,jacob.carter,Classic Movies
ethan.foster,julian.rivera,Top Anime
nathan.lee,madelyn.adams,Best Anime
lucas.roberts,mia.martin,Anime Night
jack.howard,emily.ward,Anime Picks
sophia.wood,joshua.jones,Must-Watch Anime
william.harris,aubrey.collins,Anime Hits
jackson.green,mia.martin,Movie Night
natalie.king,zoe.scott,Anime Binge
ethan.foster,olivia.peterson,Top Hits
oliver.cooper,charlotte.rodriguez,Game Time
colton.long,chloe.robinson,Favorite Songs
emma.perry,aubrey.collins,Anime Hits
oliver.cooper,sebastian.allen,Anime Picks
ariana.turner,daniel.miller,Sci-Fi Movies
samuel.russell,ella.hill,Best Songs
charlotte.rodriguez,michael.williams,Classic Rock
mia.hughes,alexander.jackson,Top Games
william.harris,jack.howard,Anime Extravaganza
ethan.foster,noah.kelly,Best Hits
nathan.lee,joshua.jones,Blockbuster Movies
charlotte.rodriguez,chloe.sullivan,Movie Marathon
aubrey.collins,olivia.wilson,Thriller Movies
emma.sullivan,daniel.miller,Old School Hits
sophia.thomas,zoey.bailey,Top Movies
lucas.roberts,ethan.parker,Top Movies
ella.nelson,sophia.thomas,Anime Favorites
emma.sullivan,mia.phillips,Top Songs
noah.kelly,joshua.jones,Blockbuster Movies
ethan.foster,aria.stewart,Top Songs
alexander.jackson,ava.cooper,Top Games
chloe.robinson,ethan.parker,Top Movies
james.cooper,ava.brooks,Top Anime
madison.davis,nathan.baker,Retro Hits
ava.brooks,isabella.ward,Movie Favorites
isabella.white,chloe.sullivan,Movie Marathon
mia.hughes,liam.watson,Classic Movies
ava.nelson,lucas.martinez,Best Games
jacob.ross,ava.richards,Best Anime
emily.johnson,madelyn.adams,Best Anime
sophia.wood,zoe.scott,Anime Binge
ethan.foster,ethan.ramirez,Best Anime
sebastian.allen,daniel.ramirez,Best Anime
grace.lee,colton.long,Favorite Songs
nathan.lee,brooklyn.sanchez,Game Collection
ella.hill,sebastian.allen,Anime Picks
jacob.richards,jameson.flores,Game Night
lily.hernandez,oliver.watson,Anime Adventures
ariana.turner,chloe.sullivan,Movie Marathon
ryan.cooper,nathan.baker,Retro Hits
sebastian.allen,noah.kelly,Best Hits
lucas.martinez,david.carter,Favorite Games
jacob.richards,ava.brooks,Top Anime
samuel.russell,mia.martin,Movie Night
michael.williams,james.moore,Best Anime
joshua.jones,mia.hughes,Movie Marathon
sophia.thomas,olivia.wilson,Anime Must-Watch
jameson.flores,grace.lee,Best Songs
hannah.gonzalez,emily.ward,Anime Picks
oliver.watson,amelia.cook,Top Songs
isabella.ward,oliver.cooper,Favorite Games
avery.hall,lily.hernandez,Must-See Movies
james.moore,mia.phillips,Top Songs
nathan.baker,grace.jenkins,Anime Picks
julian.rivera,noah.parker,Favorite Songs
ethan.anderson,james.cooper,Anime Adventures
jacob.ross,lily.hernandez,Must-See Movies
mia.hughes,olivia.wilson,Thriller Movies
ava.nelson,james.moore,Hit Songs
william.harris,ryan.cooper,Top Movies
sebastian.allen,john.smith,Top Action Movies
ethan.anderson,jacob.carter,Classic Movies
james.moore,jacob.richards,Top Songs
daniel.ramirez,nathan.lee,Anime Night
mia.martin,gabriel.king,Great Songs
madison.davis,joshua.jones,Pop Hits
julian.rivera,ethan.ramirez,Best Anime
olivia.peterson,sophia.thomas,Anime Favorites
nathan.lee,carter.lewis,Favorite Movies
liam.watson,emily.ward,Anime Picks
charlotte.rodriguez,isabella.watson,Top Anime
amelia.cook,isabella.ward,Movie Favorites
zoe.scott,aria.stewart,Top Songs
oliver.watson,james.moore,Best Anime
ella.nelson,julian.rivera,Top Anime
daniel.ramirez,aubrey.wood,Retro Hits
colton.long,mia.collins,Anime Collection
sophia.wood,amelia.cook,Top Songs
ethan.morris,john.smith,Top Action Movies
noah.parker,joshua.jones,Blockbuster Movies
james.cooper,carter.lewis,Favorite Movies
grace.jenkins,isabella.white,Pop Culture Songs
mia.hughes,colton.long,Favorite Songs
julian.rivera,ava.taylor,Favorite Movies
julian.rivera,elijah.clark,Top Movies
jack.howard,ethan.ramirez,Best Anime
james.moore,ava.nelson,Game Night
olivia.wilson,isabella.white,Pop Culture Songs
addison.perez,daniel.miller,Old School Hits
alexander.jackson,david.carter,Favorite Games
olivia.bailey,oliver.cooper,Favorite Games
ella.nelson,emma.brown,Drama Series
daniel.ramirez,liam.jenkins,Top Movies
john.smith,elijah.clark,Top Movies
jackson.green,ariana.turner,Movie Classics
jacob.carter,ella.nelson,Movie Favorites
mia.phillips,oliver.watson,Anime Adventures
isabella.white,william.harris,Favorite Hits
henry.walker,isabella.watson,Top Anime
joshua.jones,alexander.jackson,Top Games
chloe.robinson,ryan.cooper,Top Movies
samantha.campbell,lucas.martinez,Best Games
ethan.parker,ethan.murphy,Favorite Movies
charlotte.rodriguez,ella.nelson,Movie Favorites
jack.howard,john.smith,Anime Extravaganza
grace.jenkins,brooklyn.sanchez,Game Collection
olivia.cooper,ella.hill,Best Songs
joseph.evans,carter.lewis,Favorite Movies
ella.hill,sophia.thomas,Classic Movies
john.smith,gabriel.king,Great Songs
ethan.foster,zoey.bailey,Top Movies
dylan.mitchell,daniel.miller,Top Anime Picks
zoey.bailey,samuel.russell,Favorite Games
aria.stewart,addison.perez,Anime Favs
ava.richards,olivia.bailey,Anime Collection
scarlett.young,julian.rivera,Top Anime
isabella.white,samuel.russell,Favorite Games
ava.nelson,sebastian.allen,Anime Picks
luke.mitchell,james.cooper,Anime Adventures
jameson.flores,alexander.jackson,Top Games
mia.martin,carter.lewis,Favorite Movies
mia.collins,michael.williams,Retro Games
james.moore,olivia.wilson,Anime Must-Watch
mason.roberts,sophia.thomas,Anime Favorites
ethan.murphy,henry.walker,Top Anime
anna.perez,ella.nelson,Movie Favorites
ava.cooper,hannah.gonzalez,Top Movies
mia.phillips,john.smith,Chill Beats
charlotte.rodriguez,mia.martin,Movie Night
ethan.murphy,noah.parker,Favorite Songs
ethan.foster,joshua.jones,Top RPG Games
david.carter,addison.perez,Anime Favs
mia.phillips,lucas.martinez,Best Games
oliver.phillips,noah.parker,Favorite Songs
isabella.phillips,madison.davis,Greatest Hits
carter.lewis,ethan.anderson,Top Songs
jacob.ross,oliver.watson,Anime Adventures
emily.johnson,isabella.ward,Movie Favorites
ethan.ramirez,ella.nelson,Movie Favorites
olivia.bailey,lily.hernandez,Must-See Movies
noah.parker,hannah.gonzalez,Top Movies
noah.kelly,chloe.sullivan,Movie Marathon
aria.stewart,emily.johnson,Fantasy Adventures
william.harris,amelia.cook,Top Songs
liam.ross,sophia.thomas,Classic Movies
emma.perry,joshua.jones,Top RPG Games
isabella.ward,samantha.campbell,Movie Picks
joshua.jones,ethan.morris,Anime Binge
mia.myers,oliver.cooper,Favorite Games
mia.hughes,emily.ward,Anime Picks
natalie.king,isabella.white,Pop Culture Songs
carter.lewis,ariana.turner,Movie Classics
julian.rivera,mason.harris,Favorite Games
noah.parker,liam.watson,Classic Movies
nathan.lee,daniel.miller,Top Anime Picks
joshua.jones,noah.kelly,Best Hits
charlotte.rodriguez,colton.long,Favorite Songs
liam.watson,ethan.foster,Favorite Movies
ella.hill,colton.long,Favorite Songs
emma.perry,anna.perez,Anime Picks
oliver.phillips,jacob.bailey,Top Movies
isabelle.nelson,madison.davis,Greatest Hits
ava.richards,amelia.garcia,Great Movies
sophia.wood,madelyn.adams,Best Anime
liam.ross,jacob.ross,Anime Picks
noah.parker,joshua.jones,Top RPG Games
emma.sullivan,ava.richards,Best Anime
mia.myers,alexander.jackson,Top Games
isabella.watson,james.moore,Best Anime
james.moore,william.harris,Favorite Hits
ethan.ramirez,ava.hughes,Game Picks
jack.howard,daniel.miller,Old School Hits
jacob.ross,isabella.phillips,Great Songs
anna.perez,luke.mitchell,Favorite Games
liam.ross,gabriel.king,Great Songs
mia.collins,ava.brooks,Top Anime
olivia.cooper,benjamin.martinez,Anime Adventures
ava.taylor,emily.johnson,Fantasy Adventures
grace.lee,lucas.roberts,Anime Night
amelia.reed,zoey.bailey,Top Movies
gabriel.king,henry.walker,Top Anime
madelyn.adams,natalie.king,Game Night
noah.kelly,benjamin.martinez,Anime Adventures
mason.harris,ryan.cooper,Top Movies
ethan.murphy,mia.collins,Anime Collection
ethan.foster,isabella.ward,Movie Favorites
amelia.reed,ethan.murphy,Favorite Movies
julian.rivera,ella.nelson,Movie Favorites
natalie.king,lucas.martinez,Best Games
noah.kelly,ava.brooks,Top Anime
ryan.cooper,aria.stewart,Top Songs
lucas.martinez,olivia.cooper,Anime Night
ethan.anderson,aubrey.collins,Anime Hits
mason.harris,isabelle.nelson,Favorite Songs
anna.perez,emma.brown,Drama Series
julian.rivera,mia.martin,Movie Night
zoe.scott,ava.richards,Best Anime
zoey.bailey,emily.johnson,Fantasy Adventures
chloe.robinson,jacob.richards,Top Songs
sophia.wood,mason.harris,Favorite Games
amelia.garcia,aria.stewart,Top Songs
jameson.flores,isabella.white,Pop Culture Songs
ava.taylor,emma.brown,Drama Series
amelia.reed,henry.walker,Favorite Movies
oliver.cooper,joshua.jones,Top RPG Games
natalie.king,liam.watson,Classic Movies
ryan.cooper,zoey.bailey,Top Movies
daniel.miller,aubrey.wood,Retro Hits
nathan.baker,john.smith,Chill Beats
zoey.bailey,james.moore,Best Anime
mason.harris,joshua.jones,Top RPG Games
amelia.cook,james.cooper,Anime Adventures
jameson.flores,samuel.russell,Favorite Games
noah.parker,jacob.ross,Anime Picks
aubrey.collins,jackson.green,Movie Favorites
michael.williams,jacob.carter,Classic Movies
ava.nelson,madison.davis,Top Anime Series
jacob.bailey,noah.parker,Favorite Songs
addison.perez,james.moore,Hit Songs
olivia.bailey,chloe.sullivan,Movie Marathon
henry.walker,emma.perry,Retro Hits
aria.stewart,alexander.jackson,Top Games
brooklyn.sanchez,mia.hughes,Movie Marathon
olivia.peterson,william.harris,Favorite Hits
michael.williams,oliver.cooper,Favorite Games
oliver.cooper,william.harris,Favorite Hits
ethan.morris,jack.howard,Anime Extravaganza
avery.hall,anna.perez,Anime Picks
ava.brooks,daniel.miller,Indie Games
madison.davis,mia.martin,Anime Night
liam.jenkins,samuel.russell,Favorite Games
ava.nelson,mia.martin,Anime Night
julian.rivera,daniel.miller,Indie Games
isabella.watson,john.smith,Top Action Movies
elijah.clark,mia.phillips,Top Songs
luke.mitchell,ava.taylor,Favorite Movies
ethan.parker,michael.williams,Classic Rock
james.cooper,sophia.thomas,Classic Movies
zoe.scott,oliver.phillips,Anime Night
liam.watson,ethan.parker,Top Movies
olivia.cooper,ethan.anderson,Top Songs
sophia.thomas,jacob.bailey,Top Movies
jacob.ross,noah.kelly,Best Hits
elijah.clark,anna.perez,Anime Picks
avery.hall,liam.jenkins,Top Movies
olivia.cooper,lily.hernandez,Must-See Movies
ava.hughes,madison.davis,Top Anime Series
isabella.white,scarlett.young,Top Games
samuel.russell,ethan.ramirez,Best Anime
liam.jenkins,luke.mitchell,Favorite Games
william.harris,mia.myers,Classic Movies
avery.hall,benjamin.martinez,Anime Adventures
william.harris,colton.long,Favorite Songs
ava.brooks,olivia.wilson,Anime Must-Watch
nathan.lee,noah.parker,Favorite Songs
ryan.cooper,liam.ross,Favorite Movies
noah.parker,ava.brooks,Top Anime
wyatt.nguyen,samuel.russell,Favorite Games
mia.myers,carter.lewis,Anime Collection
joshua.jones,isabelle.nelson,Favorite Songs
oliver.watson,olivia.cooper,Anime Night
ryan.cooper,henry.walker,Top Anime
mason.harris,sophia.thomas,Anime Favorites
ethan.morris,anna.perez,Anime Picks
amelia.reed,elijah.clark,Top Movies
madelyn.adams,jacob.ross,Anime Picks
daniel.ramirez,isabella.phillips,Great Songs
sophia.thomas,madison.davis,Top Anime Series
zoey.bailey,olivia.cooper,Anime Night
luke.mitchell,isabella.phillips,Great Songs
anna.perez,jacob.ross,Anime Picks
nathan.lee,isabella.white,Pop Culture Songs
olivia.bailey,dylan.mitchell,Top Hits
mason.roberts,jack.howard,Anime Extravaganza
grace.lee,isabella.white,Pop Culture Songs
lincoln.roberts,jacob.ross,Anime Picks
ava.nelson,isabella.watson,Top Anime
jacob.ross,oliver.cooper,Favorite Games
jameson.flores,emma.sullivan,Top Hits
james.moore,ava.hughes,Game Picks
jacob.carter,sophia.thomas,Anime Favorites
aubrey.collins,olivia.peterson,Top Hits
zoe.scott,sophia.wood,Best Anime
ella.hill,oliver.phillips,Anime Night
emma.sullivan,mason.harris,Favorite Games
mia.myers,olivia.cooper,Anime Night
charlotte.rodriguez,mia.martin,Anime Night
nathan.lee,ava.nelson,Game Night
amelia.garcia,nathan.lee,Anime Night
samantha.campbell,brooklyn.sanchez,Game Collection
ella.nelson,mia.myers,Classic Movies
chloe.robinson,amelia.reed,Favorite Movies
oliver.cooper,ariana.turner,Movie Classics
addison.perez,emily.ward,Anime Picks
jameson.flores,nathan.baker,Retro Hits
emma.sullivan,carter.lewis,Favorite Movies
mia.hughes,joshua.jones,Pop Hits
daniel.ramirez,joshua.jones,Top RPG Games
william.harris,isabella.phillips,Great Songs
colton.long,ethan.morris,Anime Binge
madison.davis,amelia.reed,Favorite Movies
scarlett.young,charlotte.rodriguez,Game Time
olivia.wilson,mia.myers,Classic Movies
ava.richards,wyatt.nguyen,Favorite Movies
lucas.roberts,luke.mitchell,Favorite Games
luke.mitchell,david.carter,Favorite Games
colton.long,emily.ward,Anime Picks
olivia.bailey,addison.perez,Anime Favs
lincoln.roberts,emily.ward,Anime Picks
olivia.cooper,logan.jenkins,Classic Songs
jacob.carter,madelyn.adams,Best Anime
james.moore,john.smith,Anime Extravaganza
noah.parker,emma.brown,Drama Series
noah.parker,isabella.white,Pop Culture Songs
wyatt.nguyen,anna.perez,Anime Picks
