user_name,user_email,password
john.smith,john.smith@example.com,P@ssw0rd1
emily.johnson,emily.johnson@example.com,SecurePwd2
michael.williams,michael.williams@example.com,Password123
emma.brown,emma.brown@example.com,Secret@321
joshua.jones,joshua.jones@example.com,Pa$$w0rd!
madison.davis,madison.davis@example.com,Passw0rd!
daniel.miller,daniel.miller@example.com,Password456
olivia.wilson,olivia.wilson@example.com,SecurePassword!
james.moore,james.moore@example.com,Pa$$w0rd123
ava.taylor,ava.taylor@example.com,Secret1234
ethan.anderson,ethan.anderson@example.com,P@ssword!
sophia.thomas,sophia.thomas@example.com,SecurePwd123
alexander.jackson,alexander.jackson@example.com,Password!
isabella.white,isabella.white@example.com,Pa$$w0rd456
mason.harris,mason.harris@example.com,SecretPassword
mia.martin,mia.martin@example.com,Secure123
william.thompson,william.thompson@example.com,Pa$$w0rd789
amelia.garcia,amelia.garcia@example.com,P@ssword123
benjamin.martinez,benjamin.martinez@example.com,SecurePwd456
chloe.robinson,chloe.robinson@example.com,Password!
elijah.clark,elijah.clark@example.com,Pa$$w0rd789
charlotte.rodriguez,charlotte.rodriguez@example.com,Secret789
carter.lewis,carter.lewis@example.com,Secure!234
grace.lee,grace.lee@example.com,Pa$$w0rd321
henry.walker,henry.walker@example.com,P@ssword456
avery.hall,avery.hall@example.com,SecurePwd!2
scarlett.young,scarlett.young@example.com,Password123!
sebastian.allen,sebastian.allen@example.com,Pa$$w0rd!23
lily.hernandez,lily.hernandez@example.com,Secret@567
gabriel.king,gabriel.king@example.com,Secure!567
zoe.scott,zoe.scott@example.com,Pa$$w0rd567
jackson.green,jackson.green@example.com,P@ssword!56
madelyn.adams,madelyn.adams@example.com,Secure789
nathan.baker,nathan.baker@example.com,Password!567
hannah.gonzalez,hannah.gonzalez@example.com,Pa$$w0rd@!
david.carter,david.carter@example.com,Secret!678
addison.perez,addison.perez@example.com,Secure!678
joseph.evans,joseph.evans@example.com,Pa$$w0rd@67
aria.stewart,aria.stewart@example.com,P@ssword@67
jameson.flores,jameson.flores@example.com,Secure!789
aubrey.collins,aubrey.collins@example.com,Pa$$w0rd@89
wyatt.nguyen,wyatt.nguyen@example.com,Secret!789
ella.hill,ella.hill@example.com,Secure!890
julian.rivera,julian.rivera@example.com,Pa$$w0rd890
samantha.campbell,samantha.campbell@example.com,P@ssword!90
luke.mitchell,luke.mitchell@example.com,Secure890
anna.perez,anna.perez@example.com,Pa$$w0rd@90
lincoln.roberts,lincoln.roberts@example.com,Secret!901
ariana.turner,ariana.turner@example.com,Secure@901
oliver.phillips,oliver.phillips@example.com,Pa$$w0rd901
brooklyn.sanchez,brooklyn.sanchez@example.com,P@ssword901
colton.long,colton.long@example.com,Secure901
ethan.parker,ethan.parker@example.com,Password!12
mia.collins,mia.collins@example.com,Secure!12
lucas.martinez,lucas.martinez@example.com,Pa$$w0rd12
isabelle.nelson,isabelle.nelson@example.com,Secret912
ryan.cooper,ryan.cooper@example.com,Secure912
emily.ward,emily.ward@example.com,Pa$$w0rd912
mason.roberts,mason.roberts@example.com,Password912
amelia.reed,amelia.reed@example.com,Secure12
jack.howard,jack.howard@example.com,Pa$$w0rd!13
natalie.king,natalie.king@example.com,Secret!13
jacob.richards,jacob.richards@example.com,Secure!13
mia.myers,mia.myers@example.com,Pa$$w0rd913
ethan.morris,ethan.morris@example.com,Password!913
aubrey.wood,aubrey.wood@example.com,Secret@13
samuel.russell,samuel.russell@example.com,Secure!14
isabella.watson,isabella.watson@example.com,Pa$$w0rd@14
chloe.sullivan,chloe.sullivan@example.com,Secret!14
james.cooper,james.cooper@example.com,Secure!14
olivia.peterson,olivia.peterson@example.com,Pa$$w0rd@14
liam.ross,liam.ross@example.com,Password!14
ava.hughes,ava.hughes@example.com,Secure@14
sophia.wood,sophia.wood@example.com,Pa$$w0rd@15
logan.jenkins,logan.jenkins@example.com,Secret!15
zoey.bailey,zoey.bailey@example.com,Secure@15
nathan.lee,nathan.lee@example.com,Pa$$w0rd@15
william.harris,william.harris@example.com,Password!15
ava.cooper,ava.cooper@example.com,Secure@15
daniel.ramirez,daniel.ramirez@example.com,Pa$$w0rd@16
ella.nelson,ella.nelson@example.com,Secret!16
dylan.mitchell,dylan.mitchell@example.com,Secure@16
grace.jenkins,grace.jenkins@example.com,Pa$$w0rd@16
jacob.carter,jacob.carter@example.com,Password!16
isabella.phillips,isabella.phillips@example.com,
ava.brooks,ava.brooks@example.com,Secure!16
oliver.cooper,oliver.cooper@example.com,Pa$$w0rd@17
mia.hughes,mia.hughes@example.com,Secret!17
lucas.roberts,lucas.roberts@example.com,Secure@17
amelia.cook,amelia.cook@example.com,Pa$$w0rd@17
ethan.foster,ethan.foster@example.com,Password!17
ava.richards,ava.richards@example.com,Secure@17
emma.perry,emma.perry@example.com,Pa$$w0rd@18
liam.jenkins,liam.jenkins@example.com,Secret!18
olivia.bailey,olivia.bailey@example.com,Secure@18
noah.kelly,noah.kelly@example.com,Pa$$w0rd@18
isabella.ward,isabella.ward@example.com,Password!18
jacob.ross,jacob.ross@example.com,Secure@18
mia.phillips,mia.phillips@example.com,Pa$$w0rd@18
ethan.murphy,ethan.murphy@example.com,Secret!18
ava.nelson,ava.nelson@example.com,Secure@18
oliver.watson,oliver.watson@example.com,Pa$$w0rd@19
emma.sullivan,emma.sullivan@example.com,Secret!19
liam.watson,liam.watson@example.com,Secure@19
olivia.cooper,olivia.cooper@example.com,Pa$$w0rd@19
noah.parker,noah.parker@example.com,Password!19
jacob.bailey,jacob.bailey@example.com,Secure@19
ethan.ramirez,ethan.ramirez@example.com,Pa$$w0rd@19