follower_username,following_username
john.smith,emily.johnson
john.smith,michael.williams
john.smith,emma.brown
john.smith,joshua.jones
john.smith,madison.davis
john.smith,daniel.miller
john.smith,olivia.wilson
john.smith,james.moore
john.smith,ava.taylor
john.smith,ethan.anderson
john.smith,sophia.thomas
john.smith,alexander.jackson
john.smith,isabella.white
john.smith,mason.harris
john.smith,mia.martin
john.smith,william.thompson
john.smith,amelia.garcia
john.smith,benjamin.martinez
john.smith,chloe.robinson
john.smith,elijah.clark
john.smith,charlotte.rodriguez
john.smith,carter.lewis
john.smith,grace.lee
john.smith,henry.walker
john.smith,avery.hall
john.smith,scarlett.young
john.smith,sebastian.allen
john.smith,lily.hernandez
john.smith,gabriel.king
john.smith,zoe.scott
john.smith,jackson.green
john.smith,madelyn.adams
john.smith,nathan.baker
john.smith,hannah.gonzalez
john.smith,david.carter
john.smith,addison.perez
john.smith,joseph.evans
john.smith,aria.stewart
john.smith,jameson.flores
john.smith,aubrey.collins
john.smith,wyatt.nguyen
john.smith,ella.hill
john.smith,julian.rivera
john.smith,samantha.campbell
john.smith,luke.mitchell
john.smith,anna.perez
john.smith,lincoln.roberts
john.smith,ariana.turner
john.smith,oliver.phillips
john.smith,brooklyn.sanchez
john.smith,colton.long
john.smith,ethan.parker
john.smith,mia.collins
john.smith,lucas.martinez
john.smith,isabelle.nelson
john.smith,ryan.cooper
john.smith,emily.ward
john.smith,mason.roberts
john.smith,amelia.reed
john.smith,jack.howard
john.smith,natalie.king
john.smith,jacob.richards
john.smith,mia.myers
john.smith,ethan.morris
john.smith,aubrey.wood
john.smith,samuel.russell
john.smith,isabella.watson
john.smith,chloe.sullivan
john.smith,james.cooper
john.smith,olivia.peterson
john.smith,liam.ross
john.smith,ava.hughes
john.smith,sophia.wood
john.smith,logan.jenkins
john.smith,zoey.bailey
john.smith,nathan.lee
john.smith,william.harris
john.smith,ava.cooper
john.smith,daniel.ramirez
john.smith,ella.nelson
john.smith,dylan.mitchell
john.smith,grace.jenkins
john.smith,jacob.carter
john.smith,isabella.phillips
john.smith,oliver.cooper
john.smith,mia.hughes
john.smith,lucas.roberts
john.smith,amelia.cook
john.smith,ethan.foster
john.smith,ava.richards
john.smith,emma.perry
john.smith,liam.jenkins
john.smith,olivia.bailey
john.smith,noah.kelly
john.smith,isabella.ward
john.smith,jacob.ross
john.smith,mia.phillips
john.smith,ethan.murphy
john.smith,ava.nelson
john.smith,oliver.watson
john.smith,emma.sullivan
john.smith,liam.watson
john.smith,olivia.cooper
john.smith,noah.parker
john.smith,jacob.bailey
john.smith,ethan.ramirez
emily.johnson,john.smith
emily.johnson,michael.williams
emily.johnson,emma.brown
emily.johnson,joshua.jones
emily.johnson,madison.davis
emily.johnson,daniel.miller
emily.johnson,olivia.wilson
emily.johnson,james.moore
emily.johnson,ava.taylor
emily.johnson,ethan.anderson
emily.johnson,sophia.thomas
emily.johnson,alexander.jackson
emily.johnson,isabella.white
emily.johnson,mason.harris
emily.johnson,mia.martin
emily.johnson,william.thompson
emily.johnson,amelia.garcia
emily.johnson,benjamin.martinez
emily.johnson,chloe.robinson
emily.johnson,elijah.clark
emily.johnson,charlotte.rodriguez
emily.johnson,carter.lewis
emily.johnson,grace.lee
emily.johnson,henry.walker
emily.johnson,avery.hall
emily.johnson,scarlett.young
emily.johnson,sebastian.allen
emily.johnson,lily.hernandez
emily.johnson,gabriel.king
emily.johnson,zoe.scott
emily.johnson,jackson.green
emily.johnson,madelyn.adams
emily.johnson,nathan.baker
emily.johnson,hannah.gonzalez
emily.johnson,david.carter
emily.johnson,addison.perez
emily.johnson,joseph.evans
emily.johnson,aria.stewart
emily.johnson,jameson.flores
emily.johnson,aubrey.collins
emily.johnson,wyatt.nguyen
emily.johnson,ella.hill
emily.johnson,julian.rivera
emily.johnson,samantha.campbell
emily.johnson,luke.mitchell
emily.johnson,anna.perez
emily.johnson,lincoln.roberts
emily.johnson,ariana.turner
emily.johnson,oliver.phillips
emily.johnson,brooklyn.sanchez
emily.johnson,colton.long
emily.johnson,ethan.parker
emily.johnson,mia.collins
emily.johnson,lucas.martinez
emily.johnson,isabelle.nelson
emily.johnson,ryan.cooper
emily.johnson,emily.ward
emily.johnson,mason.roberts
emily.johnson,amelia.reed
emily.johnson,jack.howard
emily.johnson,natalie.king
emily.johnson,jacob.richards
emily.johnson,mia.myers
emily.johnson,ethan.morris
emily.johnson,aubrey.wood
emily.johnson,samuel.russell
emily.johnson,isabella.watson
emily.johnson,chloe.sullivan
emily.johnson,james.cooper
emily.johnson,olivia.peterson
emily.johnson,liam.ross
emily.johnson,ava.hughes
emily.johnson,sophia.wood
emily.johnson,logan.jenkins
emily.johnson,zoey.bailey
emily.johnson,nathan.lee
emily.johnson,william.harris
emily.johnson,ava.cooper
emily.johnson,daniel.ramirez
emily.johnson,ella.nelson
emily.johnson,dylan.mitchell
emily.johnson,grace.jenkins
emily.johnson,jacob.carter
emily.johnson,isabella.phillips
emily.johnson,oliver.cooper
emily.johnson,mia.hughes
emily.johnson,lucas.roberts
emily.johnson,amelia.cook
emily.johnson,ethan.foster
emily.johnson,ava.richards
emily.johnson,emma.perry
emily.johnson,liam.jenkins
emily.johnson,olivia.bailey
emily.johnson,noah.kelly
emily.johnson,isabella.ward
emily.johnson,jacob.ross
emily.johnson,mia.phillips
emily.johnson,ethan.murphy
emily.johnson,ava.nelson
emily.johnson,oliver.watson
emily.johnson,emma.sullivan
emily.johnson,liam.watson
emily.johnson,olivia.cooper
emily.johnson,noah.parker
emily.johnson,jacob.bailey
emily.johnson,ethan.ramirez
michael.williams,john.smith
michael.williams,emily.johnson
michael.williams,emma.brown
michael.williams,joshua.jones
michael.williams,madison.davis
michael.williams,daniel.miller
michael.williams,olivia.wilson
michael.williams,james.moore
michael.williams,ava.taylor
michael.williams,ethan.anderson
michael.williams,sophia.thomas
michael.williams,alexander.jackson
michael.williams,isabella.white
michael.williams,mason.harris
michael.williams,mia.martin
michael.williams,william.thompson
michael.williams,amelia.garcia
michael.williams,benjamin.martinez
michael.williams,chloe.robinson
michael.williams,elijah.clark
michael.williams,charlotte.rodriguez
michael.williams,carter.lewis
michael.williams,grace.lee
michael.williams,henry.walker
michael.williams,avery.hall
michael.williams,scarlett.young
michael.williams,sebastian.allen
michael.williams,lily.hernandez
michael.williams,gabriel.king
michael.williams,zoe.scott
michael.williams,jackson.green
michael.williams,madelyn.adams
michael.williams,nathan.baker
michael.williams,hannah.gonzalez
michael.williams,david.carter
michael.williams,addison.perez
michael.williams,joseph.evans
michael.williams,aria.stewart
michael.williams,jameson.flores
michael.williams,aubrey.collins
michael.williams,wyatt.nguyen
michael.williams,ella.hill
michael.williams,julian.rivera
michael.williams,samantha.campbell
michael.williams,luke.mitchell
michael.williams,anna.perez
michael.williams,lincoln.roberts
michael.williams,ariana.turner
michael.williams,oliver.phillips
michael.williams,brooklyn.sanchez
michael.williams,colton.long
michael.williams,ethan.parker
michael.williams,mia.collins
michael.williams,lucas.martinez
michael.williams,isabelle.nelson
michael.williams,ryan.cooper
michael.williams,emily.ward
michael.williams,mason.roberts
michael.williams,amelia.reed
michael.williams,jack.howard
michael.williams,natalie.king
michael.williams,jacob.richards
michael.williams,mia.myers
michael.williams,ethan.morris
michael.williams,aubrey.wood
michael.williams,samuel.russell
michael.williams,isabella.watson
michael.williams,chloe.sullivan
michael.williams,james.cooper
michael.williams,olivia.peterson
michael.williams,liam.ross
michael.williams,ava.hughes
michael.williams,sophia.wood
michael.williams,logan.jenkins
michael.williams,zoey.bailey
michael.williams,nathan.lee
michael.williams,william.harris
michael.williams,ava.cooper
michael.williams,daniel.ramirez
michael.williams,ella.nelson
michael.williams,dylan.mitchell
michael.williams,grace.jenkins
michael.williams,jacob.carter
michael.williams,isabella.phillips
michael.williams,oliver.cooper
michael.williams,mia.hughes
michael.williams,lucas.roberts
michael.williams,amelia.cook
michael.williams,ethan.foster
michael.williams,ava.richards
michael.williams,emma.perry
michael.williams,liam.jenkins
michael.williams,olivia.bailey
michael.williams,noah.kelly
michael.williams,isabella.ward
michael.williams,jacob.ross
michael.williams,mia.phillips
michael.williams,ethan.murphy
michael.williams,ava.nelson
michael.williams,oliver.watson
michael.williams,emma.sullivan
michael.williams,liam.watson
michael.williams,olivia.cooper
michael.williams,noah.parker
michael.williams,jacob.bailey
michael.williams,ethan.ramirez
emma.brown,john.smith
emma.brown,emily.johnson
emma.brown,michael.williams
emma.brown,joshua.jones
emma.brown,madison.davis
emma.brown,daniel.miller
emma.brown,olivia.wilson
emma.brown,james.moore
emma.brown,ava.taylor
emma.brown,ethan.anderson
emma.brown,sophia.thomas
emma.brown,alexander.jackson
emma.brown,isabella.white
emma.brown,mason.harris
emma.brown,mia.martin
emma.brown,william.thompson
emma.brown,amelia.garcia
emma.brown,benjamin.martinez
emma.brown,chloe.robinson
emma.brown,elijah.clark
emma.brown,charlotte.rodriguez
emma.brown,carter.lewis
emma.brown,grace.lee
emma.brown,henry.walker
emma.brown,avery.hall
emma.brown,scarlett.young
emma.brown,sebastian.allen
emma.brown,lily.hernandez
emma.brown,gabriel.king
emma.brown,zoe.scott
emma.brown,jackson.green
emma.brown,madelyn.adams
emma.brown,nathan.baker
emma.brown,hannah.gonzalez
emma.brown,david.carter
emma.brown,addison.perez
emma.brown,joseph.evans
emma.brown,aria.stewart
emma.brown,jameson.flores
emma.brown,aubrey.collins
emma.brown,wyatt.nguyen
emma.brown,ella.hill
emma.brown,julian.rivera
emma.brown,samantha.campbell
emma.brown,luke.mitchell
emma.brown,anna.perez
emma.brown,lincoln.roberts
emma.brown,ariana.turner
emma.brown,oliver.phillips
emma.brown,brooklyn.sanchez
emma.brown,colton.long
emma.brown,ethan.parker
emma.brown,mia.collins
emma.brown,lucas.martinez
emma.brown,isabelle.nelson
emma.brown,ryan.cooper
emma.brown,emily.ward
emma.brown,mason.roberts
emma.brown,amelia.reed
emma.brown,jack.howard
emma.brown,natalie.king
emma.brown,jacob.richards
emma.brown,mia.myers
emma.brown,ethan.morris
emma.brown,aubrey.wood
emma.brown,samuel.russell
emma.brown,isabella.watson
emma.brown,chloe.sullivan
emma.brown,james.cooper
emma.brown,olivia.peterson
emma.brown,liam.ross
emma.brown,ava.hughes
emma.brown,sophia.wood
emma.brown,logan.jenkins
emma.brown,zoey.bailey
emma.brown,nathan.lee
emma.brown,william.harris
emma.brown,ava.cooper
emma.brown,daniel.ramirez
emma.brown,ella.nelson
emma.brown,dylan.mitchell
emma.brown,grace.jenkins
emma.brown,jacob.carter
emma.brown,isabella.phillips
emma.brown,oliver.cooper
emma.brown,mia.hughes
emma.brown,lucas.roberts
emma.brown,amelia.cook
emma.brown,ethan.foster
emma.brown,ava.richards
emma.brown,emma.perry
emma.brown,liam.jenkins
emma.brown,olivia.bailey
emma.brown,noah.kelly
emma.brown,isabella.ward
emma.brown,jacob.ross
emma.brown,mia.phillips
emma.brown,ethan.murphy
emma.brown,ava.nelson
emma.brown,oliver.watson
emma.brown,emma.sullivan
emma.brown,liam.watson
emma.brown,olivia.cooper
emma.brown,noah.parker
emma.brown,jacob.bailey
emma.brown,ethan.ramirez
joshua.jones,john.smith
joshua.jones,emily.johnson
joshua.jones,michael.williams
joshua.jones,emma.brown
joshua.jones,madison.davis
joshua.jones,daniel.miller
joshua.jones,olivia.wilson
joshua.jones,james.moore
joshua.jones,ava.taylor
joshua.jones,ethan.anderson
joshua.jones,sophia.thomas
joshua.jones,alexander.jackson
joshua.jones,isabella.white
joshua.jones,mason.harris
joshua.jones,mia.martin
joshua.jones,william.thompson
joshua.jones,amelia.garcia
joshua.jones,benjamin.martinez
joshua.jones,chloe.robinson
joshua.jones,elijah.clark
joshua.jones,charlotte.rodriguez
joshua.jones,carter.lewis
joshua.jones,grace.lee
joshua.jones,henry.walker
joshua.jones,avery.hall
joshua.jones,scarlett.young
joshua.jones,sebastian.allen
joshua.jones,lily.hernandez
joshua.jones,gabriel.king
joshua.jones,zoe.scott
joshua.jones,jackson.green
joshua.jones,madelyn.adams
joshua.jones,nathan.baker
joshua.jones,hannah.gonzalez
joshua.jones,david.carter
joshua.jones,addison.perez
joshua.jones,joseph.evans
joshua.jones,aria.stewart
joshua.jones,jameson.flores
joshua.jones,aubrey.collins
joshua.jones,wyatt.nguyen
joshua.jones,ella.hill
joshua.jones,julian.rivera
joshua.jones,samantha.campbell
joshua.jones,luke.mitchell
joshua.jones,anna.perez
joshua.jones,lincoln.roberts
joshua.jones,ariana.turner
joshua.jones,oliver.phillips
joshua.jones,brooklyn.sanchez
joshua.jones,colton.long
joshua.jones,ethan.parker
joshua.jones,mia.collins
joshua.jones,lucas.martinez
joshua.jones,isabelle.nelson
joshua.jones,ryan.cooper
joshua.jones,emily.ward
joshua.jones,mason.roberts
joshua.jones,amelia.reed
joshua.jones,jack.howard
joshua.jones,natalie.king
joshua.jones,jacob.richards
joshua.jones,mia.myers
joshua.jones,ethan.morris
joshua.jones,aubrey.wood
joshua.jones,samuel.russell
joshua.jones,isabella.watson
joshua.jones,chloe.sullivan
joshua.jones,james.cooper
joshua.jones,olivia.peterson
joshua.jones,liam.ross
joshua.jones,ava.hughes
joshua.jones,sophia.wood
joshua.jones,logan.jenkins
joshua.jones,zoey.bailey
joshua.jones,nathan.lee
joshua.jones,william.harris
joshua.jones,ava.cooper
joshua.jones,daniel.ramirez
joshua.jones,ella.nelson
joshua.jones,dylan.mitchell
joshua.jones,grace.jenkins
joshua.jones,jacob.carter
joshua.jones,isabella.phillips
joshua.jones,oliver.cooper
joshua.jones,mia.hughes
joshua.jones,lucas.roberts
joshua.jones,amelia.cook
joshua.jones,ethan.foster
joshua.jones,ava.richards
joshua.jones,emma.perry
joshua.jones,liam.jenkins
joshua.jones,olivia.bailey
joshua.jones,noah.kelly
joshua.jones,isabella.ward
joshua.jones,jacob.ross
joshua.jones,mia.phillips
joshua.jones,ethan.murphy
joshua.jones,ava.nelson
joshua.jones,oliver.watson
joshua.jones,emma.sullivan
joshua.jones,liam.watson
joshua.jones,olivia.cooper
joshua.jones,noah.parker
joshua.jones,jacob.bailey
joshua.jones,ethan.ramirez
madison.davis,john.smith
madison.davis,emily.johnson
madison.davis,michael.williams
madison.davis,emma.brown
madison.davis,joshua.jones
madison.davis,daniel.miller
madison.davis,olivia.wilson
madison.davis,james.moore
madison.davis,ava.taylor
madison.davis,ethan.anderson
madison.davis,sophia.thomas
madison.davis,alexander.jackson
madison.davis,isabella.white
madison.davis,mason.harris
madison.davis,mia.martin
madison.davis,william.thompson
madison.davis,amelia.garcia
madison.davis,benjamin.martinez
madison.davis,chloe.robinson
madison.davis,elijah.clark
madison.davis,charlotte.rodriguez
madison.davis,carter.lewis
madison.davis,grace.lee
madison.davis,henry.walker
madison.davis,avery.hall
madison.davis,scarlett.young
madison.davis,sebastian.allen
madison.davis,lily.hernandez
madison.davis,gabriel.king
madison.davis,zoe.scott
madison.davis,jackson.green
madison.davis,madelyn.adams
madison.davis,nathan.baker
madison.davis,hannah.gonzalez
madison.davis,david.carter
madison.davis,addison.perez
madison.davis,joseph.evans
madison.davis,aria.stewart
madison.davis,jameson.flores
madison.davis,aubrey.collins
madison.davis,wyatt.nguyen
madison.davis,ella.hill
madison.davis,julian.rivera
madison.davis,samantha.campbell
madison.davis,luke.mitchell
madison.davis,anna.perez
madison.davis,lincoln.roberts
madison.davis,ariana.turner
madison.davis,oliver.phillips
madison.davis,brooklyn.sanchez
madison.davis,colton.long
madison.davis,ethan.parker
madison.davis,mia.collins
madison.davis,lucas.martinez
madison.davis,isabelle.nelson
madison.davis,ryan.cooper
madison.davis,emily.ward
madison.davis,mason.roberts
madison.davis,amelia.reed
madison.davis,jack.howard
madison.davis,natalie.king
madison.davis,jacob.richards
madison.davis,mia.myers
madison.davis,ethan.morris
madison.davis,aubrey.wood
madison.davis,samuel.russell
madison.davis,isabella.watson
madison.davis,chloe.sullivan
madison.davis,james.cooper
madison.davis,olivia.peterson
madison.davis,liam.ross
madison.davis,ava.hughes
madison.davis,sophia.wood
madison.davis,logan.jenkins
madison.davis,zoey.bailey
madison.davis,nathan.lee
madison.davis,william.harris
madison.davis,ava.cooper
madison.davis,daniel.ramirez
madison.davis,ella.nelson
madison.davis,dylan.mitchell
madison.davis,grace.jenkins
madison.davis,jacob.carter
madison.davis,isabella.phillips
madison.davis,oliver.cooper
madison.davis,mia.hughes
madison.davis,lucas.roberts
madison.davis,amelia.cook
madison.davis,ethan.foster
madison.davis,ava.richards
madison.davis,emma.perry
madison.davis,liam.jenkins
madison.davis,olivia.bailey
madison.davis,noah.kelly
madison.davis,isabella.ward
madison.davis,jacob.ross
madison.davis,mia.phillips
madison.davis,ethan.murphy
madison.davis,ava.nelson
madison.davis,oliver.watson
madison.davis,emma.sullivan
madison.davis,liam.watson
madison.davis,olivia.cooper
madison.davis,noah.parker
madison.davis,jacob.bailey
madison.davis,ethan.ramirez
daniel.miller,john.smith
daniel.miller,emily.johnson
daniel.miller,michael.williams
daniel.miller,emma.brown
daniel.miller,joshua.jones
daniel.miller,madison.davis
daniel.miller,olivia.wilson
daniel.miller,james.moore
daniel.miller,ava.taylor
daniel.miller,ethan.anderson
daniel.miller,sophia.thomas
daniel.miller,alexander.jackson
daniel.miller,isabella.white
daniel.miller,mason.harris
daniel.miller,mia.martin
daniel.miller,william.thompson
daniel.miller,amelia.garcia
daniel.miller,benjamin.martinez
daniel.miller,chloe.robinson
daniel.miller,elijah.clark
daniel.miller,charlotte.rodriguez
daniel.miller,carter.lewis
daniel.miller,grace.lee
daniel.miller,henry.walker
daniel.miller,avery.hall
daniel.miller,scarlett.young
daniel.miller,sebastian.allen
daniel.miller,lily.hernandez
daniel.miller,gabriel.king
daniel.miller,zoe.scott
daniel.miller,jackson.green
daniel.miller,madelyn.adams
daniel.miller,nathan.baker
daniel.miller,hannah.gonzalez
daniel.miller,david.carter
daniel.miller,addison.perez
daniel.miller,joseph.evans
daniel.miller,aria.stewart
daniel.miller,jameson.flores
daniel.miller,aubrey.collins
daniel.miller,wyatt.nguyen
daniel.miller,ella.hill
daniel.miller,julian.rivera
daniel.miller,samantha.campbell
daniel.miller,luke.mitchell
daniel.miller,anna.perez
daniel.miller,lincoln.roberts
daniel.miller,ariana.turner
daniel.miller,oliver.phillips
daniel.miller,brooklyn.sanchez
daniel.miller,colton.long
daniel.miller,ethan.parker
daniel.miller,mia.collins
daniel.miller,lucas.martinez
daniel.miller,isabelle.nelson
daniel.miller,ryan.cooper
daniel.miller,emily.ward
daniel.miller,mason.roberts
daniel.miller,amelia.reed
daniel.miller,jack.howard
daniel.miller,natalie.king
daniel.miller,jacob.richards
daniel.miller,mia.myers
daniel.miller,ethan.morris
daniel.miller,aubrey.wood
daniel.miller,samuel.russell
daniel.miller,isabella.watson
daniel.miller,chloe.sullivan
daniel.miller,james.cooper
daniel.miller,olivia.peterson
daniel.miller,liam.ross
daniel.miller,ava.hughes
daniel.miller,sophia.wood
daniel.miller,logan.jenkins
daniel.miller,zoey.bailey
daniel.miller,nathan.lee
daniel.miller,william.harris
daniel.miller,ava.cooper
daniel.miller,daniel.ramirez
daniel.miller,ella.nelson
daniel.miller,dylan.mitchell
daniel.miller,grace.jenkins
daniel.miller,jacob.carter
daniel.miller,isabella.phillips
daniel.miller,oliver.cooper
daniel.miller,mia.hughes
daniel.miller,lucas.roberts
daniel.miller,amelia.cook
daniel.miller,ethan.foster
daniel.miller,ava.richards
daniel.miller,emma.perry
daniel.miller,liam.jenkins
daniel.miller,olivia.bailey
daniel.miller,noah.kelly
daniel.miller,isabella.ward
daniel.miller,jacob.ross
daniel.miller,mia.phillips
daniel.miller,ethan.murphy
daniel.miller,ava.nelson
daniel.miller,oliver.watson
daniel.miller,emma.sullivan
daniel.miller,liam.watson
daniel.miller,olivia.cooper
daniel.miller,noah.parker
daniel.miller,jacob.bailey
daniel.miller,ethan.ramirez
olivia.wilson,john.smith
olivia.wilson,emily.johnson
olivia.wilson,michael.williams
olivia.wilson,emma.brown
olivia.wilson,joshua.jones
olivia.wilson,madison.davis
olivia.wilson,daniel.miller
olivia.wilson,james.moore
olivia.wilson,ava.taylor
olivia.wilson,ethan.anderson
olivia.wilson,sophia.thomas
olivia.wilson,alexander.jackson
olivia.wilson,isabella.white
olivia.wilson,mason.harris
olivia.wilson,mia.martin
olivia.wilson,william.thompson
olivia.wilson,amelia.garcia
olivia.wilson,benjamin.martinez
olivia.wilson,chloe.robinson
olivia.wilson,elijah.clark
olivia.wilson,charlotte.rodriguez
olivia.wilson,carter.lewis
olivia.wilson,grace.lee
olivia.wilson,henry.walker
olivia.wilson,avery.hall
olivia.wilson,scarlett.young
olivia.wilson,sebastian.allen
olivia.wilson,lily.hernandez
olivia.wilson,gabriel.king
olivia.wilson,zoe.scott
olivia.wilson,jackson.green
olivia.wilson,madelyn.adams
olivia.wilson,nathan.baker
olivia.wilson,hannah.gonzalez
olivia.wilson,david.carter
olivia.wilson,addison.perez
olivia.wilson,joseph.evans
olivia.wilson,aria.stewart
olivia.wilson,jameson.flores
olivia.wilson,aubrey.collins
olivia.wilson,wyatt.nguyen
olivia.wilson,ella.hill
olivia.wilson,julian.rivera
olivia.wilson,samantha.campbell
olivia.wilson,luke.mitchell
olivia.wilson,anna.perez
olivia.wilson,lincoln.roberts
olivia.wilson,ariana.turner
olivia.wilson,oliver.phillips
olivia.wilson,brooklyn.sanchez
olivia.wilson,colton.long
olivia.wilson,ethan.parker
olivia.wilson,mia.collins
olivia.wilson,lucas.martinez
olivia.wilson,isabelle.nelson
olivia.wilson,ryan.cooper
olivia.wilson,emily.ward
olivia.wilson,mason.roberts
olivia.wilson,amelia.reed
olivia.wilson,jack.howard
olivia.wilson,natalie.king
olivia.wilson,jacob.richards
olivia.wilson,mia.myers
olivia.wilson,ethan.morris
olivia.wilson,aubrey.wood
olivia.wilson,samuel.russell
olivia.wilson,isabella.watson
olivia.wilson,chloe.sullivan
olivia.wilson,james.cooper
olivia.wilson,olivia.peterson
olivia.wilson,liam.ross
olivia.wilson,ava.hughes
olivia.wilson,sophia.wood
olivia.wilson,logan.jenkins
olivia.wilson,zoey.bailey
olivia.wilson,nathan.lee
olivia.wilson,william.harris
olivia.wilson,ava.cooper
olivia.wilson,daniel.ramirez
olivia.wilson,ella.nelson
olivia.wilson,dylan.mitchell
olivia.wilson,grace.jenkins
olivia.wilson,jacob.carter
olivia.wilson,isabella.phillips
olivia.wilson,oliver.cooper
olivia.wilson,mia.hughes
olivia.wilson,lucas.roberts
olivia.wilson,amelia.cook
olivia.wilson,ethan.foster
olivia.wilson,ava.richards
olivia.wilson,emma.perry
olivia.wilson,liam.jenkins
olivia.wilson,olivia.bailey
olivia.wilson,noah.kelly
olivia.wilson,isabella.ward
olivia.wilson,jacob.ross
olivia.wilson,mia.phillips
olivia.wilson,ethan.murphy
olivia.wilson,ava.nelson
olivia.wilson,oliver.watson
olivia.wilson,emma.sullivan
olivia.wilson,liam.watson
olivia.wilson,olivia.cooper
olivia.wilson,noah.parker
olivia.wilson,jacob.bailey
olivia.wilson,ethan.ramirez
james.moore,john.smith
james.moore,emily.johnson
james.moore,michael.williams
james.moore,emma.brown
james.moore,joshua.jones
james.moore,madison.davis
james.moore,daniel.miller
james.moore,olivia.wilson
james.moore,ava.taylor
james.moore,ethan.anderson
james.moore,sophia.thomas
james.moore,alexander.jackson
james.moore,isabella.white
james.moore,mason.harris
james.moore,mia.martin
james.moore,william.thompson
james.moore,amelia.garcia
james.moore,benjamin.martinez
james.moore,chloe.robinson
james.moore,elijah.clark
james.moore,charlotte.rodriguez
james.moore,carter.lewis
james.moore,grace.lee
james.moore,henry.walker
james.moore,avery.hall
james.moore,scarlett.young
james.moore,sebastian.allen
james.moore,lily.hernandez
james.moore,gabriel.king
james.moore,zoe.scott
james.moore,jackson.green
james.moore,madelyn.adams
james.moore,nathan.baker
james.moore,hannah.gonzalez
james.moore,david.carter
james.moore,addison.perez
james.moore,joseph.evans
james.moore,aria.stewart
james.moore,jameson.flores
james.moore,aubrey.collins
james.moore,wyatt.nguyen
james.moore,ella.hill
james.moore,julian.rivera
james.moore,samantha.campbell
james.moore,luke.mitchell
james.moore,anna.perez
james.moore,lincoln.roberts
james.moore,ariana.turner
james.moore,oliver.phillips
james.moore,brooklyn.sanchez
james.moore,colton.long
james.moore,ethan.parker
james.moore,mia.collins
james.moore,lucas.martinez
james.moore,isabelle.nelson
james.moore,ryan.cooper
james.moore,emily.ward
james.moore,mason.roberts
james.moore,amelia.reed
james.moore,jack.howard
james.moore,natalie.king
james.moore,jacob.richards
james.moore,ethan.morris
james.moore,aubrey.wood
james.moore,samuel.russell
james.moore,isabella.watson
james.moore,chloe.sullivan
james.moore,james.cooper
james.moore,olivia.peterson
james.moore,liam.ross
james.moore,ava.hughes
james.moore,sophia.wood
james.moore,logan.jenkins
james.moore,zoey.bailey
james.moore,nathan.lee
james.moore,william.harris
james.moore,ava.cooper
james.moore,daniel.ramirez
james.moore,ella.nelson
james.moore,dylan.mitchell
james.moore,grace.jenkins
james.moore,jacob.carter
james.moore,isabella.phillips
james.moore,oliver.cooper
james.moore,mia.hughes
james.moore,lucas.roberts
james.moore,amelia.cook
james.moore,ethan.foster
james.moore,ava.richards
james.moore,emma.perry
james.moore,liam.jenkins
james.moore,olivia.bailey
james.moore,noah.kelly
james.moore,isabella.ward
james.moore,jacob.ross
james.moore,mia.phillips
james.moore,ethan.murphy
james.moore,ava.nelson
james.moore,oliver.watson
james.moore,emma.sullivan
james.moore,liam.watson
james.moore,olivia.cooper
james.moore,noah.parker
james.moore,jacob.bailey
james.moore,ethan.ramirez
ava.taylor,john.smith
ava.taylor,emily.johnson
ava.taylor,michael.williams
ava.taylor,emma.brown
ava.taylor,joshua.jones
ava.taylor,madison.davis
ava.taylor,daniel.miller
ava.taylor,olivia.wilson
ava.taylor,james.moore
ava.taylor,ethan.anderson
ava.taylor,sophia.thomas
ava.taylor,alexander.jackson
ava.taylor,isabella.white
ava.taylor,mason.harris
ava.taylor,mia.martin
ava.taylor,william.thompson
ava.taylor,amelia.garcia
ava.taylor,benjamin.martinez
ava.taylor,chloe.robinson
ava.taylor,elijah.clark
ava.taylor,charlotte.rodriguez
ava.taylor,carter.lewis
ava.taylor,grace.lee
ava.taylor,henry.walker
ava.taylor,avery.hall
ava.taylor,scarlett.young
ava.taylor,sebastian.allen
ava.taylor,lily.hernandez
ava.taylor,gabriel.king
ava.taylor,zoe.scott
ava.taylor,jackson.green
ava.taylor,madelyn.adams
ava.taylor,nathan.baker
ava.taylor,hannah.gonzalez
ava.taylor,david.carter
ava.taylor,addison.perez
ava.taylor,joseph.evans
ava.taylor,aria.stewart
ava.taylor,jameson.flores
ava.taylor,aubrey.collins
ava.taylor,wyatt.nguyen
ava.taylor,ella.hill
ava.taylor,julian.rivera
ava.taylor,samantha.campbell
ava.taylor,luke.mitchell
ava.taylor,anna.perez
ava.taylor,lincoln.roberts
ava.taylor,ariana.turner
ava.taylor,oliver.phillips
ava.taylor,brooklyn.sanchez
ava.taylor,colton.long
ava.taylor,ethan.parker
ava.taylor,mia.collins
ava.taylor,lucas.martinez
ava.taylor,isabelle.nelson
ava.taylor,ryan.cooper
ava.taylor,emily.ward
ava.taylor,mason.roberts
ava.taylor,amelia.reed
ava.taylor,jack.howard
ava.taylor,natalie.king
ava.taylor,jacob.richards
ava.taylor,mia.myers
ava.taylor,ethan.morris
ava.taylor,aubrey.wood
ava.taylor,samuel.russell
ava.taylor,isabella.watson
ava.taylor,chloe.sullivan
ava.taylor,james.cooper
ava.taylor,olivia.peterson
ava.taylor,liam.ross
ava.taylor,ava.hughes
ava.taylor,sophia.wood
ava.taylor,logan.jenkins
ava.taylor,zoey.bailey
ava.taylor,nathan.lee
ava.taylor,william.harris
ava.taylor,ava.cooper
ava.taylor,daniel.ramirez
ava.taylor,ella.nelson
ava.taylor,dylan.mitchell
ava.taylor,grace.jenkins
ava.taylor,jacob.carter
ava.taylor,isabella.phillips
ava.taylor,oliver.cooper
ava.taylor,mia.hughes
ava.taylor,lucas.roberts
ava.taylor,amelia.cook
ava.taylor,ethan.foster
ava.taylor,ava.richards
ava.taylor,emma.perry
ava.taylor,liam.jenkins
ava.taylor,olivia.bailey
ava.taylor,noah.kelly
ava.taylor,isabella.ward
ava.taylor,jacob.ross
ava.taylor,mia.phillips
ava.taylor,ethan.murphy
ava.taylor,ava.nelson
ava.taylor,oliver.watson
ava.taylor,emma.sullivan
ava.taylor,liam.watson
ava.taylor,olivia.cooper
ava.taylor,noah.parker
ava.taylor,jacob.bailey
ava.taylor,ethan.ramirez
ethan.anderson,john.smith
ethan.anderson,emily.johnson
ethan.anderson,michael.williams
ethan.anderson,emma.brown
ethan.anderson,joshua.jones
ethan.anderson,madison.davis
ethan.anderson,daniel.miller
ethan.anderson,olivia.wilson
ethan.anderson,james.moore
ethan.anderson,ava.taylor
ethan.anderson,sophia.thomas
ethan.anderson,alexander.jackson
ethan.anderson,isabella.white
ethan.anderson,mason.harris
ethan.anderson,mia.martin
ethan.anderson,william.thompson
ethan.anderson,amelia.garcia
ethan.anderson,benjamin.martinez
ethan.anderson,chloe.robinson
ethan.anderson,elijah.clark
ethan.anderson,charlotte.rodriguez
ethan.anderson,carter.lewis
ethan.anderson,grace.lee
ethan.anderson,henry.walker
ethan.anderson,avery.hall
ethan.anderson,scarlett.young
ethan.anderson,sebastian.allen
ethan.anderson,lily.hernandez
ethan.anderson,gabriel.king
ethan.anderson,zoe.scott
ethan.anderson,jackson.green
ethan.anderson,madelyn.adams
ethan.anderson,nathan.baker
ethan.anderson,hannah.gonzalez
ethan.anderson,david.carter
ethan.anderson,addison.perez
ethan.anderson,joseph.evans
ethan.anderson,aria.stewart
ethan.anderson,jameson.flores
ethan.anderson,aubrey.collins
ethan.anderson,wyatt.nguyen
ethan.anderson,ella.hill
ethan.anderson,julian.rivera
ethan.anderson,samantha.campbell
ethan.anderson,luke.mitchell
ethan.anderson,anna.perez
ethan.anderson,lincoln.roberts
ethan.anderson,ariana.turner
ethan.anderson,oliver.phillips
ethan.anderson,brooklyn.sanchez
ethan.anderson,colton.long
ethan.anderson,ethan.parker
ethan.anderson,mia.collins
ethan.anderson,lucas.martinez
ethan.anderson,isabelle.nelson
ethan.anderson,ryan.cooper
ethan.anderson,emily.ward
ethan.anderson,mason.roberts
ethan.anderson,amelia.reed
ethan.anderson,jack.howard
ethan.anderson,natalie.king
ethan.anderson,jacob.richards
ethan.anderson,mia.myers
ethan.anderson,ethan.morris
ethan.anderson,aubrey.wood
ethan.anderson,samuel.russell
ethan.anderson,isabella.watson
ethan.anderson,chloe.sullivan
ethan.anderson,james.cooper
ethan.anderson,olivia.peterson
ethan.anderson,liam.ross
ethan.anderson,ava.hughes
ethan.anderson,sophia.wood
ethan.anderson,logan.jenkins
ethan.anderson,zoey.bailey
ethan.anderson,nathan.lee
ethan.anderson,william.harris
ethan.anderson,ava.cooper
ethan.anderson,daniel.ramirez
ethan.anderson,ella.nelson
ethan.anderson,dylan.mitchell
ethan.anderson,grace.jenkins
ethan.anderson,jacob.carter
ethan.anderson,isabella.phillips
ethan.anderson,oliver.cooper
ethan.anderson,mia.hughes
ethan.anderson,lucas.roberts
ethan.anderson,amelia.cook
ethan.anderson,ethan.foster
ethan.anderson,ava.richards
ethan.anderson,emma.perry
ethan.anderson,liam.jenkins
ethan.anderson,olivia.bailey
ethan.anderson,noah.kelly
ethan.anderson,isabella.ward
ethan.anderson,jacob.ross
ethan.anderson,mia.phillips
ethan.anderson,ethan.murphy
ethan.anderson,ava.nelson
ethan.anderson,oliver.watson
ethan.anderson,emma.sullivan
ethan.anderson,liam.watson
ethan.anderson,olivia.cooper
ethan.anderson,noah.parker
ethan.anderson,jacob.bailey
ethan.anderson,ethan.ramirez
sophia.thomas,john.smith
sophia.thomas,emily.johnson
sophia.thomas,michael.williams
sophia.thomas,emma.brown
sophia.thomas,joshua.jones
sophia.thomas,madison.davis
sophia.thomas,daniel.miller
sophia.thomas,olivia.wilson
sophia.thomas,james.moore
sophia.thomas,ava.taylor
sophia.thomas,ethan.anderson
sophia.thomas,alexander.jackson
sophia.thomas,isabella.white
sophia.thomas,mason.harris
sophia.thomas,mia.martin
sophia.thomas,william.thompson
sophia.thomas,amelia.garcia
sophia.thomas,benjamin.martinez
sophia.thomas,chloe.robinson
sophia.thomas,elijah.clark
sophia.thomas,charlotte.rodriguez
sophia.thomas,carter.lewis
sophia.thomas,grace.lee
sophia.thomas,henry.walker
sophia.thomas,avery.hall
sophia.thomas,scarlett.young
sophia.thomas,sebastian.allen
sophia.thomas,lily.hernandez
sophia.thomas,gabriel.king
sophia.thomas,zoe.scott
sophia.thomas,jackson.green
sophia.thomas,madelyn.adams
sophia.thomas,nathan.baker
sophia.thomas,hannah.gonzalez
sophia.thomas,david.carter
sophia.thomas,addison.perez
sophia.thomas,joseph.evans
sophia.thomas,aria.stewart
sophia.thomas,jameson.flores
sophia.thomas,aubrey.collins
sophia.thomas,wyatt.nguyen
sophia.thomas,ella.hill
sophia.thomas,julian.rivera
sophia.thomas,samantha.campbell
sophia.thomas,luke.mitchell
sophia.thomas,anna.perez
sophia.thomas,lincoln.roberts
sophia.thomas,ariana.turner
sophia.thomas,oliver.phillips
sophia.thomas,brooklyn.sanchez
sophia.thomas,colton.long
sophia.thomas,ethan.parker
sophia.thomas,mia.collins
sophia.thomas,lucas.martinez
sophia.thomas,isabelle.nelson
sophia.thomas,ryan.cooper
sophia.thomas,emily.ward
sophia.thomas,mason.roberts
sophia.thomas,amelia.reed
sophia.thomas,jack.howard
sophia.thomas,natalie.king
sophia.thomas,jacob.richards
sophia.thomas,mia.myers
sophia.thomas,ethan.morris
sophia.thomas,aubrey.wood
sophia.thomas,samuel.russell
sophia.thomas,isabella.watson
sophia.thomas,chloe.sullivan
sophia.thomas,james.cooper
sophia.thomas,olivia.peterson
sophia.thomas,liam.ross
sophia.thomas,ava.hughes
sophia.thomas,sophia.wood
sophia.thomas,logan.jenkins
sophia.thomas,zoey.bailey
sophia.thomas,nathan.lee
sophia.thomas,william.harris
sophia.thomas,ava.cooper
sophia.thomas,daniel.ramirez
sophia.thomas,ella.nelson
sophia.thomas,dylan.mitchell
sophia.thomas,grace.jenkins
sophia.thomas,jacob.carter
sophia.thomas,isabella.phillips
sophia.thomas,oliver.cooper
sophia.thomas,mia.hughes
sophia.thomas,lucas.roberts
sophia.thomas,amelia.cook
sophia.thomas,ethan.foster
sophia.thomas,ava.richards
sophia.thomas,emma.perry
sophia.thomas,liam.jenkins
sophia.thomas,olivia.bailey
sophia.thomas,noah.kelly
sophia.thomas,isabella.ward
sophia.thomas,jacob.ross
sophia.thomas,mia.phillips
sophia.thomas,ethan.murphy
sophia.thomas,ava.nelson
sophia.thomas,oliver.watson
sophia.thomas,emma.sullivan
sophia.thomas,liam.watson
sophia.thomas,olivia.cooper
sophia.thomas,noah.parker
sophia.thomas,jacob.bailey
sophia.thomas,ethan.ramirez
alexander.jackson,john.smith
alexander.jackson,emily.johnson
alexander.jackson,michael.williams
alexander.jackson,emma.brown
alexander.jackson,joshua.jones
alexander.jackson,madison.davis
alexander.jackson,daniel.miller
alexander.jackson,olivia.wilson
alexander.jackson,james.moore
alexander.jackson,ava.taylor
alexander.jackson,ethan.anderson
alexander.jackson,sophia.thomas
alexander.jackson,isabella.white
alexander.jackson,mason.harris
alexander.jackson,mia.martin
alexander.jackson,william.thompson
alexander.jackson,amelia.garcia
alexander.jackson,benjamin.martinez
alexander.jackson,chloe.robinson
alexander.jackson,elijah.clark
alexander.jackson,charlotte.rodriguez
alexander.jackson,carter.lewis
alexander.jackson,grace.lee
alexander.jackson,henry.walker
alexander.jackson,avery.hall
alexander.jackson,scarlett.young
alexander.jackson,sebastian.allen
alexander.jackson,lily.hernandez
alexander.jackson,gabriel.king
alexander.jackson,zoe.scott
alexander.jackson,jackson.green
alexander.jackson,madelyn.adams
alexander.jackson,nathan.baker
alexander.jackson,hannah.gonzalez
alexander.jackson,david.carter
alexander.jackson,addison.perez
alexander.jackson,joseph.evans
alexander.jackson,aria.stewart
alexander.jackson,jameson.flores
alexander.jackson,aubrey.collins
alexander.jackson,wyatt.nguyen
alexander.jackson,ella.hill
alexander.jackson,julian.rivera
alexander.jackson,samantha.campbell
alexander.jackson,luke.mitchell
alexander.jackson,anna.perez
alexander.jackson,lincoln.roberts
alexander.jackson,ariana.turner
alexander.jackson,oliver.phillips
alexander.jackson,brooklyn.sanchez
alexander.jackson,colton.long
alexander.jackson,ethan.parker
alexander.jackson,mia.collins
alexander.jackson,lucas.martinez
alexander.jackson,isabelle.nelson
alexander.jackson,ryan.cooper
alexander.jackson,emily.ward
alexander.jackson,mason.roberts
alexander.jackson,amelia.reed
alexander.jackson,jack.howard
alexander.jackson,natalie.king
alexander.jackson,jacob.richards
alexander.jackson,mia.myers
alexander.jackson,ethan.morris
alexander.jackson,aubrey.wood
alexander.jackson,samuel.russell
alexander.jackson,isabella.watson
alexander.jackson,chloe.sullivan
alexander.jackson,james.cooper
alexander.jackson,olivia.peterson
alexander.jackson,liam.ross
alexander.jackson,ava.hughes
alexander.jackson,sophia.wood
alexander.jackson,logan.jenkins
alexander.jackson,zoey.bailey
alexander.jackson,nathan.lee
alexander.jackson,william.harris
alexander.jackson,ava.cooper
alexander.jackson,daniel.ramirez
alexander.jackson,ella.nelson
alexander.jackson,dylan.mitchell
alexander.jackson,grace.jenkins
alexander.jackson,jacob.carter
alexander.jackson,isabella.phillips
alexander.jackson,oliver.cooper
alexander.jackson,mia.hughes
alexander.jackson,lucas.roberts
alexander.jackson,amelia.cook
alexander.jackson,ethan.foster
alexander.jackson,ava.richards
alexander.jackson,emma.perry
alexander.jackson,liam.jenkins
alexander.jackson,olivia.bailey
alexander.jackson,noah.kelly
alexander.jackson,isabella.ward
alexander.jackson,jacob.ross
alexander.jackson,mia.phillips
alexander.jackson,ethan.murphy
alexander.jackson,ava.nelson
alexander.jackson,oliver.watson
alexander.jackson,emma.sullivan
alexander.jackson,liam.watson
alexander.jackson,olivia.cooper
alexander.jackson,noah.parker
alexander.jackson,jacob.bailey
alexander.jackson,ethan.ramirez
isabella.white,john.smith
isabella.white,emily.johnson
isabella.white,michael.williams
isabella.white,emma.brown
isabella.white,joshua.jones
isabella.white,madison.davis
isabella.white,daniel.miller
isabella.white,olivia.wilson
isabella.white,james.moore
isabella.white,ava.taylor
isabella.white,ethan.anderson
isabella.white,sophia.thomas
isabella.white,alexander.jackson
isabella.white,mason.harris
isabella.white,mia.martin
isabella.white,william.thompson
isabella.white,amelia.garcia
isabella.white,benjamin.martinez
isabella.white,chloe.robinson
isabella.white,elijah.clark
isabella.white,charlotte.rodriguez
isabella.white,carter.lewis
isabella.white,grace.lee
isabella.white,henry.walker
isabella.white,avery.hall
isabella.white,scarlett.young
isabella.white,sebastian.allen
isabella.white,lily.hernandez
isabella.white,gabriel.king
isabella.white,zoe.scott
isabella.white,jackson.green
isabella.white,madelyn.adams
isabella.white,nathan.baker
isabella.white,hannah.gonzalez
isabella.white,david.carter
isabella.white,addison.perez
isabella.white,joseph.evans
isabella.white,aria.stewart
isabella.white,jameson.flores
isabella.white,aubrey.collins
isabella.white,wyatt.nguyen
isabella.white,ella.hill
isabella.white,julian.rivera
isabella.white,samantha.campbell
isabella.white,luke.mitchell
isabella.white,anna.perez
isabella.white,lincoln.roberts
isabella.white,ariana.turner
isabella.white,oliver.phillips
isabella.white,brooklyn.sanchez
isabella.white,colton.long
isabella.white,ethan.parker
isabella.white,mia.collins
isabella.white,lucas.martinez
isabella.white,isabelle.nelson
isabella.white,ryan.cooper
isabella.white,emily.ward
isabella.white,mason.roberts
isabella.white,amelia.reed
isabella.white,jack.howard
isabella.white,natalie.king
isabella.white,jacob.richards
isabella.white,mia.myers
isabella.white,ethan.morris
isabella.white,aubrey.wood
isabella.white,samuel.russell
isabella.white,isabella.watson
isabella.white,chloe.sullivan
isabella.white,james.cooper
isabella.white,olivia.peterson
isabella.white,liam.ross
isabella.white,ava.hughes
isabella.white,sophia.wood
isabella.white,logan.jenkins
isabella.white,zoey.bailey
isabella.white,nathan.lee
isabella.white,william.harris
isabella.white,ava.cooper
isabella.white,daniel.ramirez
isabella.white,ella.nelson
isabella.white,dylan.mitchell
isabella.white,grace.jenkins
isabella.white,jacob.carter
isabella.white,isabella.phillips
isabella.white,oliver.cooper
isabella.white,mia.hughes
isabella.white,lucas.roberts
isabella.white,amelia.cook
isabella.white,ethan.foster
isabella.white,ava.richards
isabella.white,emma.perry
isabella.white,liam.jenkins
isabella.white,olivia.bailey
isabella.white,noah.kelly
isabella.white,isabella.ward
isabella.white,jacob.ross
isabella.white,mia.phillips
isabella.white,ethan.murphy
isabella.white,ava.nelson
isabella.white,oliver.watson
isabella.white,emma.sullivan
isabella.white,liam.watson
isabella.white,olivia.cooper
isabella.white,noah.parker
isabella.white,jacob.bailey
isabella.white,ethan.ramirez
mason.harris,john.smith
mason.harris,emily.johnson
mason.harris,michael.williams
mason.harris,emma.brown
mason.harris,joshua.jones
mason.harris,madison.davis
mason.harris,daniel.miller
mason.harris,olivia.wilson
mason.harris,james.moore
mason.harris,ava.taylor
mason.harris,ethan.anderson
mason.harris,sophia.thomas
mason.harris,alexander.jackson
mason.harris,isabella.white
mason.harris,mia.martin
mason.harris,william.thompson
mason.harris,amelia.garcia
mason.harris,benjamin.martinez
mason.harris,chloe.robinson
mason.harris,elijah.clark
mason.harris,charlotte.rodriguez
mason.harris,carter.lewis
mason.harris,grace.lee
mason.harris,henry.walker
mason.harris,avery.hall
mason.harris,scarlett.young
mason.harris,sebastian.allen
mason.harris,lily.hernandez
mason.harris,gabriel.king
mason.harris,zoe.scott
mason.harris,jackson.green
mason.harris,madelyn.adams
mason.harris,nathan.baker
mason.harris,hannah.gonzalez
mason.harris,david.carter
mason.harris,addison.perez
mason.harris,joseph.evans
mason.harris,aria.stewart
mason.harris,jameson.flores
mason.harris,aubrey.collins
mason.harris,wyatt.nguyen
mason.harris,ella.hill
mason.harris,julian.rivera
mason.harris,samantha.campbell
mason.harris,luke.mitchell
mason.harris,anna.perez
mason.harris,lincoln.roberts
mason.harris,ariana.turner
mason.harris,oliver.phillips
mason.harris,brooklyn.sanchez
mason.harris,colton.long
mason.harris,ethan.parker
mason.harris,mia.collins
mason.harris,lucas.martinez
mason.harris,isabelle.nelson
mason.harris,ryan.cooper
mason.harris,emily.ward
mason.harris,mason.roberts
mason.harris,amelia.reed
mason.harris,jack.howard
mason.harris,natalie.king
mason.harris,jacob.richards
mason.harris,mia.myers
mason.harris,ethan.morris
mason.harris,aubrey.wood
mason.harris,samuel.russell
mason.harris,isabella.watson
mason.harris,chloe.sullivan
mason.harris,james.cooper
mason.harris,olivia.peterson
mason.harris,liam.ross
mason.harris,ava.hughes
mason.harris,sophia.wood
mason.harris,logan.jenkins
mason.harris,zoey.bailey
mason.harris,nathan.lee
mason.harris,william.harris
mason.harris,ava.cooper
mason.harris,daniel.ramirez
mason.harris,ella.nelson
mason.harris,dylan.mitchell
mason.harris,grace.jenkins
mason.harris,jacob.carter
mason.harris,isabella.phillips
mason.harris,oliver.cooper
mason.harris,mia.hughes
mason.harris,lucas.roberts
mason.harris,amelia.cook
mason.harris,ethan.foster
mason.harris,ava.richards
mason.harris,emma.perry
mason.harris,liam.jenkins
mason.harris,olivia.bailey
mason.harris,noah.kelly
mason.harris,isabella.ward
mason.harris,jacob.ross
mason.harris,mia.phillips
mason.harris,ethan.murphy
mason.harris,ava.nelson
mason.harris,oliver.watson
mason.harris,emma.sullivan
mason.harris,liam.watson
mason.harris,olivia.cooper
mason.harris,noah.parker
mason.harris,jacob.bailey
mason.harris,ethan.ramirez
mia.martin,john.smith
mia.martin,emily.johnson
mia.martin,michael.williams
mia.martin,emma.brown
mia.martin,joshua.jones
mia.martin,madison.davis
mia.martin,daniel.miller
mia.martin,olivia.wilson
mia.martin,james.moore
mia.martin,ava.taylor
mia.martin,ethan.anderson
mia.martin,sophia.thomas
mia.martin,alexander.jackson
mia.martin,isabella.white
mia.martin,mason.harris
mia.martin,william.thompson
mia.martin,amelia.garcia
mia.martin,benjamin.martinez
mia.martin,chloe.robinson
mia.martin,elijah.clark
mia.martin,charlotte.rodriguez
mia.martin,carter.lewis
mia.martin,grace.lee
mia.martin,henry.walker
mia.martin,avery.hall
mia.martin,scarlett.young
mia.martin,sebastian.allen
mia.martin,lily.hernandez
mia.martin,gabriel.king
mia.martin,zoe.scott
mia.martin,jackson.green
mia.martin,madelyn.adams
mia.martin,nathan.baker
mia.martin,hannah.gonzalez
mia.martin,david.carter
mia.martin,addison.perez
mia.martin,joseph.evans
mia.martin,aria.stewart
mia.martin,jameson.flores
mia.martin,aubrey.collins
mia.martin,wyatt.nguyen
mia.martin,ella.hill
mia.martin,julian.rivera
mia.martin,samantha.campbell
mia.martin,luke.mitchell
mia.martin,anna.perez
mia.martin,lincoln.roberts
mia.martin,ariana.turner
mia.martin,oliver.phillips
mia.martin,brooklyn.sanchez
mia.martin,colton.long
mia.martin,ethan.parker
mia.martin,mia.collins
mia.martin,lucas.martinez
mia.martin,isabelle.nelson
mia.martin,ryan.cooper
mia.martin,emily.ward
mia.martin,mason.roberts
mia.martin,amelia.reed
mia.martin,jack.howard
mia.martin,natalie.king
mia.martin,jacob.richards
mia.martin,mia.myers
mia.martin,ethan.morris
mia.martin,aubrey.wood
mia.martin,samuel.russell
mia.martin,isabella.watson
mia.martin,chloe.sullivan
mia.martin,james.cooper
mia.martin,olivia.peterson
mia.martin,liam.ross
mia.martin,ava.hughes
mia.martin,sophia.wood
mia.martin,logan.jenkins
mia.martin,zoey.bailey
mia.martin,nathan.lee
mia.martin,william.harris
mia.martin,ava.cooper
mia.martin,daniel.ramirez
mia.martin,ella.nelson
mia.martin,dylan.mitchell
mia.martin,grace.jenkins
mia.martin,jacob.carter
mia.martin,isabella.phillips
mia.martin,oliver.cooper
mia.martin,mia.hughes
mia.martin,lucas.roberts
mia.martin,amelia.cook
mia.martin,ethan.foster
mia.martin,ava.richards
mia.martin,emma.perry
mia.martin,liam.jenkins
mia.martin,olivia.bailey
mia.martin,noah.kelly
mia.martin,isabella.ward
mia.martin,jacob.ross
mia.martin,mia.phillips
mia.martin,ethan.murphy
mia.martin,ava.nelson
mia.martin,oliver.watson
mia.martin,emma.sullivan
mia.martin,liam.watson
mia.martin,olivia.cooper
mia.martin,noah.parker
mia.martin,jacob.bailey
mia.martin,ethan.ramirez
william.thompson,john.smith
william.thompson,emily.johnson
william.thompson,michael.williams
william.thompson,emma.brown
william.thompson,joshua.jones
william.thompson,madison.davis
william.thompson,daniel.miller
william.thompson,olivia.wilson
william.thompson,james.moore
william.thompson,ava.taylor
william.thompson,ethan.anderson
william.thompson,sophia.thomas
william.thompson,alexander.jackson
william.thompson,isabella.white
william.thompson,mason.harris
william.thompson,mia.martin
william.thompson,amelia.garcia
william.thompson,benjamin.martinez
william.thompson,chloe.robinson
william.thompson,elijah.clark
william.thompson,charlotte.rodriguez
william.thompson,carter.lewis
william.thompson,grace.lee
william.thompson,henry.walker
william.thompson,avery.hall
william.thompson,scarlett.young
william.thompson,sebastian.allen
william.thompson,lily.hernandez
william.thompson,gabriel.king
william.thompson,zoe.scott
william.thompson,jackson.green
william.thompson,madelyn.adams
william.thompson,nathan.baker
william.thompson,hannah.gonzalez
william.thompson,david.carter
william.thompson,addison.perez
william.thompson,joseph.evans
william.thompson,aria.stewart
william.thompson,jameson.flores
william.thompson,aubrey.collins
william.thompson,wyatt.nguyen
william.thompson,ella.hill
william.thompson,julian.rivera
william.thompson,samantha.campbell
william.thompson,luke.mitchell
william.thompson,anna.perez
william.thompson,lincoln.roberts
william.thompson,ariana.turner
william.thompson,oliver.phillips
william.thompson,brooklyn.sanchez
william.thompson,colton.long
william.thompson,ethan.parker
william.thompson,mia.collins
william.thompson,lucas.martinez
william.thompson,isabelle.nelson
william.thompson,ryan.cooper
william.thompson,emily.ward
william.thompson,mason.roberts
william.thompson,amelia.reed
william.thompson,jack.howard
william.thompson,natalie.king
william.thompson,jacob.richards
william.thompson,mia.myers
william.thompson,ethan.morris
william.thompson,aubrey.wood
william.thompson,samuel.russell
william.thompson,isabella.watson
william.thompson,chloe.sullivan
william.thompson,james.cooper
william.thompson,olivia.peterson
william.thompson,liam.ross
william.thompson,ava.hughes
william.thompson,sophia.wood
william.thompson,logan.jenkins
william.thompson,zoey.bailey
william.thompson,nathan.lee
william.thompson,ava.cooper
william.thompson,daniel.ramirez
william.thompson,ella.nelson
william.thompson,dylan.mitchell
william.thompson,grace.jenkins
william.thompson,jacob.carter
william.thompson,isabella.phillips
william.thompson,oliver.cooper
william.thompson,mia.hughes
william.thompson,lucas.roberts
william.thompson,amelia.cook
william.thompson,ethan.foster
william.thompson,ava.richards
william.thompson,emma.perry
william.thompson,liam.jenkins
william.thompson,olivia.bailey
william.thompson,noah.kelly
william.thompson,isabella.ward
william.thompson,jacob.ross
william.thompson,mia.phillips
william.thompson,ethan.murphy
william.thompson,ava.nelson
william.thompson,oliver.watson
william.thompson,emma.sullivan
william.thompson,liam.watson
william.thompson,olivia.cooper
william.thompson,noah.parker
william.thompson,jacob.bailey
william.thompson,ethan.ramirez
amelia.garcia,john.smith
amelia.garcia,emily.johnson
amelia.garcia,michael.williams
amelia.garcia,emma.brown
amelia.garcia,joshua.jones
amelia.garcia,madison.davis
amelia.garcia,daniel.miller
amelia.garcia,olivia.wilson
amelia.garcia,james.moore
amelia.garcia,ava.taylor
amelia.garcia,ethan.anderson
amelia.garcia,sophia.thomas
amelia.garcia,alexander.jackson
amelia.garcia,isabella.white
amelia.garcia,mason.harris
amelia.garcia,mia.martin
amelia.garcia,william.thompson
amelia.garcia,benjamin.martinez
amelia.garcia,chloe.robinson
amelia.garcia,elijah.clark
amelia.garcia,charlotte.rodriguez
amelia.garcia,carter.lewis
amelia.garcia,grace.lee
amelia.garcia,henry.walker
amelia.garcia,avery.hall
amelia.garcia,scarlett.young
amelia.garcia,sebastian.allen
amelia.garcia,lily.hernandez
amelia.garcia,gabriel.king
amelia.garcia,zoe.scott
amelia.garcia,jackson.green
amelia.garcia,madelyn.adams
amelia.garcia,nathan.baker
amelia.garcia,hannah.gonzalez
amelia.garcia,david.carter
amelia.garcia,addison.perez
amelia.garcia,joseph.evans
amelia.garcia,aria.stewart
amelia.garcia,jameson.flores
amelia.garcia,aubrey.collins
amelia.garcia,wyatt.nguyen
amelia.garcia,ella.hill
amelia.garcia,julian.rivera
amelia.garcia,samantha.campbell
amelia.garcia,luke.mitchell
amelia.garcia,anna.perez
amelia.garcia,lincoln.roberts
amelia.garcia,ariana.turner
amelia.garcia,oliver.phillips
amelia.garcia,brooklyn.sanchez
amelia.garcia,colton.long
amelia.garcia,ethan.parker
amelia.garcia,mia.collins
amelia.garcia,lucas.martinez
amelia.garcia,isabelle.nelson
amelia.garcia,ryan.cooper
amelia.garcia,emily.ward
amelia.garcia,mason.roberts
amelia.garcia,amelia.reed
amelia.garcia,jack.howard
amelia.garcia,natalie.king
amelia.garcia,jacob.richards
amelia.garcia,mia.myers
amelia.garcia,ethan.morris
amelia.garcia,aubrey.wood
amelia.garcia,samuel.russell
amelia.garcia,isabella.watson
amelia.garcia,chloe.sullivan
amelia.garcia,james.cooper
amelia.garcia,olivia.peterson
amelia.garcia,liam.ross
amelia.garcia,ava.hughes
amelia.garcia,sophia.wood
amelia.garcia,logan.jenkins
amelia.garcia,zoey.bailey
amelia.garcia,nathan.lee
amelia.garcia,william.harris
amelia.garcia,ava.cooper
amelia.garcia,daniel.ramirez
amelia.garcia,ella.nelson
amelia.garcia,dylan.mitchell
amelia.garcia,grace.jenkins
amelia.garcia,jacob.carter
amelia.garcia,isabella.phillips
amelia.garcia,oliver.cooper
amelia.garcia,mia.hughes
amelia.garcia,lucas.roberts
amelia.garcia,amelia.cook
amelia.garcia,ethan.foster
amelia.garcia,ava.richards
amelia.garcia,emma.perry
amelia.garcia,liam.jenkins
amelia.garcia,olivia.bailey
amelia.garcia,noah.kelly
amelia.garcia,isabella.ward
amelia.garcia,jacob.ross
amelia.garcia,mia.phillips
amelia.garcia,ethan.murphy
amelia.garcia,ava.nelson
amelia.garcia,oliver.watson
amelia.garcia,emma.sullivan
amelia.garcia,liam.watson
amelia.garcia,olivia.cooper
amelia.garcia,noah.parker
amelia.garcia,jacob.bailey
amelia.garcia,ethan.ramirez
benjamin.martinez,john.smith
benjamin.martinez,emily.johnson
benjamin.martinez,michael.williams
benjamin.martinez,emma.brown
benjamin.martinez,joshua.jones
benjamin.martinez,madison.davis
benjamin.martinez,daniel.miller
benjamin.martinez,olivia.wilson
benjamin.martinez,james.moore
benjamin.martinez,ava.taylor
benjamin.martinez,ethan.anderson
benjamin.martinez,sophia.thomas
benjamin.martinez,alexander.jackson
benjamin.martinez,isabella.white
benjamin.martinez,mason.harris
benjamin.martinez,mia.martin
benjamin.martinez,william.thompson
benjamin.martinez,amelia.garcia
benjamin.martinez,chloe.robinson
benjamin.martinez,elijah.clark
benjamin.martinez,charlotte.rodriguez
benjamin.martinez,carter.lewis
benjamin.martinez,grace.lee
benjamin.martinez,henry.walker
benjamin.martinez,avery.hall
benjamin.martinez,scarlett.young
benjamin.martinez,sebastian.allen
benjamin.martinez,lily.hernandez
benjamin.martinez,gabriel.king
benjamin.martinez,zoe.scott
benjamin.martinez,jackson.green
benjamin.martinez,madelyn.adams
benjamin.martinez,nathan.baker
benjamin.martinez,hannah.gonzalez
benjamin.martinez,david.carter
benjamin.martinez,addison.perez
benjamin.martinez,joseph.evans
benjamin.martinez,aria.stewart
benjamin.martinez,jameson.flores
benjamin.martinez,aubrey.collins
benjamin.martinez,wyatt.nguyen
benjamin.martinez,ella.hill
benjamin.martinez,julian.rivera
benjamin.martinez,samantha.campbell
benjamin.martinez,luke.mitchell
benjamin.martinez,anna.perez
benjamin.martinez,lincoln.roberts
benjamin.martinez,ariana.turner
benjamin.martinez,oliver.phillips
benjamin.martinez,brooklyn.sanchez
benjamin.martinez,colton.long
benjamin.martinez,ethan.parker
benjamin.martinez,mia.collins
benjamin.martinez,lucas.martinez
benjamin.martinez,isabelle.nelson
benjamin.martinez,ryan.cooper
benjamin.martinez,emily.ward
benjamin.martinez,mason.roberts
benjamin.martinez,amelia.reed
benjamin.martinez,jack.howard
benjamin.martinez,natalie.king
benjamin.martinez,jacob.richards
benjamin.martinez,mia.myers
benjamin.martinez,ethan.morris
benjamin.martinez,aubrey.wood
benjamin.martinez,samuel.russell
benjamin.martinez,isabella.watson
benjamin.martinez,chloe.sullivan
benjamin.martinez,james.cooper
benjamin.martinez,olivia.peterson
benjamin.martinez,liam.ross
benjamin.martinez,ava.hughes
benjamin.martinez,sophia.wood
benjamin.martinez,logan.jenkins
benjamin.martinez,zoey.bailey
benjamin.martinez,nathan.lee
benjamin.martinez,william.harris
benjamin.martinez,ava.cooper
benjamin.martinez,daniel.ramirez
benjamin.martinez,ella.nelson
benjamin.martinez,dylan.mitchell
benjamin.martinez,grace.jenkins
benjamin.martinez,jacob.carter
benjamin.martinez,isabella.phillips
benjamin.martinez,oliver.cooper
benjamin.martinez,mia.hughes
benjamin.martinez,lucas.roberts
benjamin.martinez,amelia.cook
benjamin.martinez,ethan.foster
benjamin.martinez,ava.richards
benjamin.martinez,emma.perry
benjamin.martinez,liam.jenkins
benjamin.martinez,olivia.bailey
benjamin.martinez,noah.kelly
benjamin.martinez,isabella.ward
benjamin.martinez,jacob.ross
benjamin.martinez,mia.phillips
benjamin.martinez,ethan.murphy
benjamin.martinez,ava.nelson
benjamin.martinez,oliver.watson
benjamin.martinez,emma.sullivan
benjamin.martinez,liam.watson
benjamin.martinez,olivia.cooper
benjamin.martinez,noah.parker
benjamin.martinez,jacob.bailey
benjamin.martinez,ethan.ramirez
chloe.robinson,john.smith
chloe.robinson,emily.johnson
chloe.robinson,michael.williams
chloe.robinson,emma.brown
chloe.robinson,joshua.jones
chloe.robinson,madison.davis
chloe.robinson,daniel.miller
chloe.robinson,olivia.wilson
chloe.robinson,james.moore
chloe.robinson,ava.taylor
chloe.robinson,ethan.anderson
chloe.robinson,sophia.thomas
chloe.robinson,alexander.jackson
chloe.robinson,isabella.white
chloe.robinson,mason.harris
chloe.robinson,mia.martin
chloe.robinson,william.thompson
chloe.robinson,amelia.garcia
chloe.robinson,benjamin.martinez
chloe.robinson,elijah.clark
chloe.robinson,charlotte.rodriguez
chloe.robinson,carter.lewis
chloe.robinson,grace.lee
chloe.robinson,henry.walker
chloe.robinson,avery.hall
chloe.robinson,scarlett.young
chloe.robinson,sebastian.allen
chloe.robinson,lily.hernandez
chloe.robinson,gabriel.king
chloe.robinson,zoe.scott
chloe.robinson,jackson.green
chloe.robinson,madelyn.adams
chloe.robinson,nathan.baker
chloe.robinson,hannah.gonzalez
chloe.robinson,david.carter
chloe.robinson,addison.perez
chloe.robinson,joseph.evans
chloe.robinson,aria.stewart
chloe.robinson,jameson.flores
chloe.robinson,aubrey.collins
chloe.robinson,wyatt.nguyen
chloe.robinson,ella.hill
chloe.robinson,julian.rivera
chloe.robinson,samantha.campbell
chloe.robinson,luke.mitchell
chloe.robinson,anna.perez
chloe.robinson,lincoln.roberts
chloe.robinson,ariana.turner
chloe.robinson,oliver.phillips
chloe.robinson,brooklyn.sanchez
chloe.robinson,colton.long
chloe.robinson,ethan.parker
chloe.robinson,mia.collins
chloe.robinson,lucas.martinez
chloe.robinson,isabelle.nelson
chloe.robinson,ryan.cooper
chloe.robinson,emily.ward
chloe.robinson,mason.roberts
chloe.robinson,amelia.reed
chloe.robinson,jack.howard
chloe.robinson,natalie.king
chloe.robinson,jacob.richards
chloe.robinson,mia.myers
chloe.robinson,ethan.morris
chloe.robinson,aubrey.wood
chloe.robinson,samuel.russell
chloe.robinson,isabella.watson
chloe.robinson,chloe.sullivan
chloe.robinson,james.cooper
chloe.robinson,olivia.peterson
chloe.robinson,liam.ross
chloe.robinson,ava.hughes
chloe.robinson,sophia.wood
chloe.robinson,logan.jenkins
chloe.robinson,zoey.bailey
chloe.robinson,nathan.lee
chloe.robinson,william.harris
chloe.robinson,ava.cooper
chloe.robinson,daniel.ramirez
chloe.robinson,ella.nelson
chloe.robinson,dylan.mitchell
chloe.robinson,grace.jenkins
chloe.robinson,jacob.carter
chloe.robinson,isabella.phillips
chloe.robinson,oliver.cooper
chloe.robinson,mia.hughes
chloe.robinson,lucas.roberts
chloe.robinson,amelia.cook
chloe.robinson,ethan.foster
chloe.robinson,ava.richards
chloe.robinson,emma.perry
chloe.robinson,liam.jenkins
chloe.robinson,olivia.bailey
chloe.robinson,noah.kelly
chloe.robinson,isabella.ward
chloe.robinson,jacob.ross
chloe.robinson,mia.phillips
chloe.robinson,ethan.murphy
chloe.robinson,ava.nelson
chloe.robinson,oliver.watson
chloe.robinson,emma.sullivan
chloe.robinson,liam.watson
chloe.robinson,olivia.cooper
chloe.robinson,noah.parker
chloe.robinson,jacob.bailey
chloe.robinson,ethan.ramirez
elijah.clark,john.smith
elijah.clark,emily.johnson
elijah.clark,michael.williams
elijah.clark,emma.brown
elijah.clark,joshua.jones
elijah.clark,madison.davis
elijah.clark,daniel.miller
elijah.clark,olivia.wilson
elijah.clark,james.moore
elijah.clark,ava.taylor
elijah.clark,ethan.anderson
elijah.clark,sophia.thomas
elijah.clark,alexander.jackson
elijah.clark,isabella.white
elijah.clark,mason.harris
elijah.clark,mia.martin
elijah.clark,william.thompson
elijah.clark,amelia.garcia
elijah.clark,benjamin.martinez
elijah.clark,chloe.robinson
elijah.clark,charlotte.rodriguez
elijah.clark,carter.lewis
elijah.clark,grace.lee
elijah.clark,henry.walker
elijah.clark,avery.hall
elijah.clark,scarlett.young
elijah.clark,sebastian.allen
elijah.clark,lily.hernandez
elijah.clark,gabriel.king
elijah.clark,zoe.scott
elijah.clark,jackson.green
elijah.clark,madelyn.adams
elijah.clark,nathan.baker
elijah.clark,hannah.gonzalez
elijah.clark,david.carter
elijah.clark,addison.perez
elijah.clark,joseph.evans
elijah.clark,aria.stewart
elijah.clark,jameson.flores
elijah.clark,aubrey.collins
elijah.clark,wyatt.nguyen
elijah.clark,ella.hill
elijah.clark,julian.rivera
elijah.clark,samantha.campbell
elijah.clark,luke.mitchell
elijah.clark,anna.perez
elijah.clark,lincoln.roberts
elijah.clark,ariana.turner
elijah.clark,oliver.phillips
elijah.clark,brooklyn.sanchez
elijah.clark,colton.long
elijah.clark,ethan.parker
elijah.clark,mia.collins
elijah.clark,lucas.martinez
elijah.clark,isabelle.nelson
elijah.clark,ryan.cooper
elijah.clark,emily.ward
elijah.clark,mason.roberts
elijah.clark,amelia.reed
elijah.clark,jack.howard
elijah.clark,natalie.king
elijah.clark,jacob.richards
elijah.clark,mia.myers
elijah.clark,ethan.morris
elijah.clark,aubrey.wood
elijah.clark,samuel.russell
elijah.clark,isabella.watson
elijah.clark,chloe.sullivan
elijah.clark,james.cooper
elijah.clark,olivia.peterson
elijah.clark,liam.ross
elijah.clark,ava.hughes
elijah.clark,sophia.wood
elijah.clark,logan.jenkins
elijah.clark,zoey.bailey
elijah.clark,nathan.lee
elijah.clark,william.harris
elijah.clark,ava.cooper
elijah.clark,daniel.ramirez
elijah.clark,ella.nelson
elijah.clark,dylan.mitchell
elijah.clark,grace.jenkins
elijah.clark,jacob.carter
elijah.clark,isabella.phillips
elijah.clark,oliver.cooper
elijah.clark,mia.hughes
elijah.clark,lucas.roberts
elijah.clark,amelia.cook
elijah.clark,ethan.foster
elijah.clark,ava.richards
elijah.clark,emma.perry
elijah.clark,liam.jenkins
elijah.clark,olivia.bailey
elijah.clark,noah.kelly
elijah.clark,isabella.ward
elijah.clark,jacob.ross
elijah.clark,mia.phillips
elijah.clark,ethan.murphy
elijah.clark,ava.nelson
elijah.clark,oliver.watson
elijah.clark,emma.sullivan
elijah.clark,liam.watson
elijah.clark,olivia.cooper
elijah.clark,noah.parker
elijah.clark,jacob.bailey
elijah.clark,ethan.ramirez
charlotte.rodriguez,john.smith
charlotte.rodriguez,emily.johnson
charlotte.rodriguez,michael.williams
charlotte.rodriguez,emma.brown
charlotte.rodriguez,joshua.jones
charlotte.rodriguez,madison.davis
charlotte.rodriguez,daniel.miller
charlotte.rodriguez,olivia.wilson
charlotte.rodriguez,james.moore
charlotte.rodriguez,ava.taylor
charlotte.rodriguez,ethan.anderson
charlotte.rodriguez,sophia.thomas
charlotte.rodriguez,alexander.jackson
charlotte.rodriguez,isabella.white
charlotte.rodriguez,mason.harris
charlotte.rodriguez,mia.martin
charlotte.rodriguez,william.thompson
charlotte.rodriguez,amelia.garcia
charlotte.rodriguez,benjamin.martinez
charlotte.rodriguez,chloe.robinson
charlotte.rodriguez,elijah.clark
charlotte.rodriguez,carter.lewis
charlotte.rodriguez,grace.lee
charlotte.rodriguez,henry.walker
charlotte.rodriguez,avery.hall
charlotte.rodriguez,scarlett.young
charlotte.rodriguez,sebastian.allen
charlotte.rodriguez,lily.hernandez
charlotte.rodriguez,gabriel.king
charlotte.rodriguez,zoe.scott
charlotte.rodriguez,jackson.green
charlotte.rodriguez,madelyn.adams
charlotte.rodriguez,nathan.baker
charlotte.rodriguez,hannah.gonzalez
charlotte.rodriguez,david.carter
charlotte.rodriguez,addison.perez
charlotte.rodriguez,joseph.evans
charlotte.rodriguez,aria.stewart
charlotte.rodriguez,jameson.flores
charlotte.rodriguez,aubrey.collins
charlotte.rodriguez,wyatt.nguyen
charlotte.rodriguez,ella.hill
charlotte.rodriguez,julian.rivera
charlotte.rodriguez,samantha.campbell
charlotte.rodriguez,luke.mitchell
charlotte.rodriguez,anna.perez
charlotte.rodriguez,lincoln.roberts
charlotte.rodriguez,ariana.turner
charlotte.rodriguez,oliver.phillips
charlotte.rodriguez,brooklyn.sanchez
charlotte.rodriguez,colton.long
charlotte.rodriguez,ethan.parker
charlotte.rodriguez,mia.collins
charlotte.rodriguez,lucas.martinez
charlotte.rodriguez,isabelle.nelson
charlotte.rodriguez,ryan.cooper
charlotte.rodriguez,emily.ward
charlotte.rodriguez,mason.roberts
charlotte.rodriguez,amelia.reed
charlotte.rodriguez,jack.howard
charlotte.rodriguez,natalie.king
charlotte.rodriguez,jacob.richards
charlotte.rodriguez,mia.myers
charlotte.rodriguez,ethan.morris
charlotte.rodriguez,aubrey.wood
charlotte.rodriguez,samuel.russell
charlotte.rodriguez,isabella.watson
charlotte.rodriguez,chloe.sullivan
charlotte.rodriguez,james.cooper
charlotte.rodriguez,olivia.peterson
charlotte.rodriguez,liam.ross
charlotte.rodriguez,ava.hughes
charlotte.rodriguez,sophia.wood
charlotte.rodriguez,logan.jenkins
charlotte.rodriguez,zoey.bailey
charlotte.rodriguez,nathan.lee
charlotte.rodriguez,william.harris
charlotte.rodriguez,ava.cooper
charlotte.rodriguez,daniel.ramirez
charlotte.rodriguez,ella.nelson
charlotte.rodriguez,dylan.mitchell
charlotte.rodriguez,grace.jenkins
charlotte.rodriguez,jacob.carter
charlotte.rodriguez,isabella.phillips
charlotte.rodriguez,oliver.cooper
charlotte.rodriguez,mia.hughes
charlotte.rodriguez,lucas.roberts
charlotte.rodriguez,amelia.cook
charlotte.rodriguez,ethan.foster
charlotte.rodriguez,ava.richards
charlotte.rodriguez,emma.perry
charlotte.rodriguez,liam.jenkins
charlotte.rodriguez,olivia.bailey
charlotte.rodriguez,noah.kelly
charlotte.rodriguez,isabella.ward
charlotte.rodriguez,jacob.ross
charlotte.rodriguez,mia.phillips
charlotte.rodriguez,ethan.murphy
charlotte.rodriguez,ava.nelson
charlotte.rodriguez,oliver.watson
charlotte.rodriguez,emma.sullivan
charlotte.rodriguez,liam.watson
charlotte.rodriguez,olivia.cooper
charlotte.rodriguez,noah.parker
charlotte.rodriguez,jacob.bailey
charlotte.rodriguez,ethan.ramirez
carter.lewis,john.smith
carter.lewis,emily.johnson
carter.lewis,michael.williams
carter.lewis,emma.brown
carter.lewis,joshua.jones
carter.lewis,madison.davis
carter.lewis,daniel.miller
carter.lewis,olivia.wilson
carter.lewis,james.moore
carter.lewis,ava.taylor
carter.lewis,ethan.anderson
carter.lewis,sophia.thomas
carter.lewis,alexander.jackson
carter.lewis,isabella.white
carter.lewis,mason.harris
carter.lewis,mia.martin
carter.lewis,william.thompson
carter.lewis,amelia.garcia
carter.lewis,benjamin.martinez
carter.lewis,chloe.robinson
carter.lewis,elijah.clark
carter.lewis,charlotte.rodriguez
carter.lewis,grace.lee
carter.lewis,henry.walker
carter.lewis,avery.hall
carter.lewis,scarlett.young
carter.lewis,sebastian.allen
carter.lewis,lily.hernandez
carter.lewis,gabriel.king
carter.lewis,zoe.scott
carter.lewis,jackson.green
carter.lewis,madelyn.adams
carter.lewis,nathan.baker
carter.lewis,hannah.gonzalez
carter.lewis,david.carter
carter.lewis,addison.perez
carter.lewis,joseph.evans
carter.lewis,aria.stewart
carter.lewis,jameson.flores
carter.lewis,aubrey.collins
carter.lewis,wyatt.nguyen
carter.lewis,ella.hill
carter.lewis,julian.rivera
carter.lewis,samantha.campbell
carter.lewis,luke.mitchell
carter.lewis,anna.perez
carter.lewis,lincoln.roberts
carter.lewis,ariana.turner
carter.lewis,oliver.phillips
carter.lewis,brooklyn.sanchez
carter.lewis,colton.long
carter.lewis,ethan.parker
carter.lewis,mia.collins
carter.lewis,lucas.martinez
carter.lewis,isabelle.nelson
carter.lewis,ryan.cooper
carter.lewis,emily.ward
carter.lewis,mason.roberts
carter.lewis,amelia.reed
carter.lewis,jack.howard
carter.lewis,natalie.king
carter.lewis,jacob.richards
carter.lewis,mia.myers
carter.lewis,ethan.morris
carter.lewis,aubrey.wood
carter.lewis,samuel.russell
carter.lewis,isabella.watson
carter.lewis,chloe.sullivan
carter.lewis,james.cooper
carter.lewis,olivia.peterson
carter.lewis,liam.ross
carter.lewis,ava.hughes
carter.lewis,sophia.wood
carter.lewis,logan.jenkins
carter.lewis,zoey.bailey
carter.lewis,nathan.lee
carter.lewis,william.harris
carter.lewis,ava.cooper
carter.lewis,daniel.ramirez
carter.lewis,ella.nelson
carter.lewis,dylan.mitchell
carter.lewis,grace.jenkins
carter.lewis,jacob.carter
carter.lewis,isabella.phillips
carter.lewis,oliver.cooper
carter.lewis,mia.hughes
carter.lewis,lucas.roberts
carter.lewis,amelia.cook
carter.lewis,ethan.foster
carter.lewis,ava.richards
carter.lewis,emma.perry
carter.lewis,liam.jenkins
carter.lewis,olivia.bailey
carter.lewis,noah.kelly
carter.lewis,isabella.ward
carter.lewis,jacob.ross
carter.lewis,mia.phillips
carter.lewis,ethan.murphy
carter.lewis,ava.nelson
carter.lewis,oliver.watson
carter.lewis,emma.sullivan
carter.lewis,liam.watson
carter.lewis,olivia.cooper
carter.lewis,noah.parker
carter.lewis,jacob.bailey
carter.lewis,ethan.ramirez
grace.lee,john.smith
grace.lee,emily.johnson
grace.lee,michael.williams
grace.lee,emma.brown
grace.lee,joshua.jones
grace.lee,madison.davis
grace.lee,daniel.miller
grace.lee,olivia.wilson
grace.lee,james.moore
grace.lee,ava.taylor
grace.lee,ethan.anderson
grace.lee,sophia.thomas
grace.lee,alexander.jackson
grace.lee,isabella.white
grace.lee,mason.harris
grace.lee,mia.martin
grace.lee,william.thompson
grace.lee,amelia.garcia
grace.lee,benjamin.martinez
grace.lee,chloe.robinson
grace.lee,elijah.clark
grace.lee,charlotte.rodriguez
grace.lee,carter.lewis
grace.lee,henry.walker
grace.lee,avery.hall
grace.lee,scarlett.young
grace.lee,sebastian.allen
grace.lee,lily.hernandez
grace.lee,gabriel.king
grace.lee,zoe.scott
grace.lee,jackson.green
grace.lee,madelyn.adams
grace.lee,nathan.baker
grace.lee,hannah.gonzalez
grace.lee,david.carter
grace.lee,addison.perez
grace.lee,joseph.evans
grace.lee,aria.stewart
grace.lee,jameson.flores
grace.lee,aubrey.collins
grace.lee,wyatt.nguyen
grace.lee,ella.hill
grace.lee,julian.rivera
grace.lee,samantha.campbell
grace.lee,luke.mitchell
grace.lee,anna.perez
grace.lee,lincoln.roberts
grace.lee,ariana.turner
grace.lee,oliver.phillips
grace.lee,brooklyn.sanchez
grace.lee,colton.long
grace.lee,ethan.parker
grace.lee,mia.collins
grace.lee,lucas.martinez
grace.lee,isabelle.nelson
grace.lee,ryan.cooper
grace.lee,emily.ward
grace.lee,mason.roberts
grace.lee,amelia.reed
grace.lee,jack.howard
grace.lee,natalie.king
grace.lee,jacob.richards
grace.lee,mia.myers
grace.lee,ethan.morris
grace.lee,aubrey.wood
grace.lee,samuel.russell
grace.lee,isabella.watson
grace.lee,chloe.sullivan
grace.lee,james.cooper
grace.lee,olivia.peterson
grace.lee,liam.ross
grace.lee,ava.hughes
grace.lee,sophia.wood
grace.lee,logan.jenkins
grace.lee,zoey.bailey
grace.lee,nathan.lee
grace.lee,william.harris
grace.lee,ava.cooper
grace.lee,daniel.ramirez
grace.lee,ella.nelson
grace.lee,dylan.mitchell
grace.lee,grace.jenkins
grace.lee,jacob.carter
grace.lee,isabella.phillips
grace.lee,oliver.cooper
grace.lee,mia.hughes
grace.lee,lucas.roberts
grace.lee,amelia.cook
grace.lee,ethan.foster
grace.lee,ava.richards
grace.lee,emma.perry
grace.lee,liam.jenkins
grace.lee,olivia.bailey
grace.lee,noah.kelly
grace.lee,isabella.ward
grace.lee,jacob.ross
grace.lee,mia.phillips
grace.lee,ethan.murphy
grace.lee,ava.nelson
grace.lee,oliver.watson
grace.lee,emma.sullivan
grace.lee,liam.watson
grace.lee,olivia.cooper
grace.lee,noah.parker
grace.lee,jacob.bailey
grace.lee,ethan.ramirez
henry.walker,john.smith
henry.walker,emily.johnson
henry.walker,michael.williams
henry.walker,emma.brown
henry.walker,joshua.jones
henry.walker,madison.davis
henry.walker,daniel.miller
henry.walker,olivia.wilson
henry.walker,james.moore
henry.walker,ava.taylor
henry.walker,ethan.anderson
henry.walker,sophia.thomas
henry.walker,alexander.jackson
henry.walker,isabella.white
henry.walker,mason.harris
henry.walker,mia.martin
henry.walker,william.thompson
henry.walker,amelia.garcia
henry.walker,benjamin.martinez
henry.walker,chloe.robinson
henry.walker,elijah.clark
henry.walker,charlotte.rodriguez
henry.walker,carter.lewis
henry.walker,grace.lee
henry.walker,avery.hall
henry.walker,scarlett.young
henry.walker,sebastian.allen
henry.walker,lily.hernandez
henry.walker,gabriel.king
henry.walker,zoe.scott
henry.walker,jackson.green
henry.walker,madelyn.adams
henry.walker,nathan.baker
henry.walker,hannah.gonzalez
henry.walker,david.carter
henry.walker,addison.perez
henry.walker,joseph.evans
henry.walker,aria.stewart
henry.walker,jameson.flores
henry.walker,aubrey.collins
henry.walker,wyatt.nguyen
henry.walker,ella.hill
henry.walker,julian.rivera
henry.walker,samantha.campbell
henry.walker,luke.mitchell
henry.walker,anna.perez
henry.walker,lincoln.roberts
henry.walker,ariana.turner
henry.walker,oliver.phillips
henry.walker,brooklyn.sanchez
henry.walker,colton.long
henry.walker,ethan.parker
henry.walker,mia.collins
henry.walker,lucas.martinez
henry.walker,isabelle.nelson
henry.walker,ryan.cooper
henry.walker,emily.ward
henry.walker,mason.roberts
henry.walker,amelia.reed
henry.walker,jack.howard
henry.walker,natalie.king
henry.walker,jacob.richards
henry.walker,mia.myers
henry.walker,ethan.morris
henry.walker,aubrey.wood
henry.walker,samuel.russell
henry.walker,isabella.watson
henry.walker,chloe.sullivan
henry.walker,james.cooper
henry.walker,olivia.peterson
henry.walker,liam.ross
henry.walker,ava.hughes
henry.walker,sophia.wood
henry.walker,logan.jenkins
henry.walker,zoey.bailey
henry.walker,nathan.lee
henry.walker,william.harris
henry.walker,ava.cooper
henry.walker,daniel.ramirez
henry.walker,ella.nelson
henry.walker,dylan.mitchell
henry.walker,grace.jenkins
henry.walker,jacob.carter
henry.walker,isabella.phillips
henry.walker,oliver.cooper
henry.walker,mia.hughes
henry.walker,lucas.roberts
henry.walker,amelia.cook
henry.walker,ethan.foster
henry.walker,ava.richards
henry.walker,emma.perry
henry.walker,liam.jenkins
henry.walker,olivia.bailey
henry.walker,noah.kelly
henry.walker,isabella.ward
henry.walker,jacob.ross
henry.walker,mia.phillips
henry.walker,ethan.murphy
henry.walker,ava.nelson
henry.walker,oliver.watson
henry.walker,emma.sullivan
henry.walker,liam.watson
henry.walker,olivia.cooper
henry.walker,noah.parker
henry.walker,jacob.bailey
henry.walker,ethan.ramirez
avery.hall,john.smith
avery.hall,emily.johnson
avery.hall,michael.williams
avery.hall,emma.brown
avery.hall,joshua.jones
avery.hall,madison.davis
avery.hall,daniel.miller
avery.hall,olivia.wilson
avery.hall,james.moore
avery.hall,ava.taylor
avery.hall,ethan.anderson
avery.hall,sophia.thomas
avery.hall,alexander.jackson
avery.hall,isabella.white
avery.hall,mason.harris
avery.hall,mia.martin
avery.hall,william.thompson
avery.hall,amelia.garcia
avery.hall,benjamin.martinez
avery.hall,chloe.robinson
avery.hall,elijah.clark
avery.hall,charlotte.rodriguez
avery.hall,carter.lewis
avery.hall,grace.lee
avery.hall,henry.walker
avery.hall,scarlett.young
avery.hall,sebastian.allen
avery.hall,lily.hernandez
avery.hall,gabriel.king
avery.hall,zoe.scott
avery.hall,jackson.green
avery.hall,madelyn.adams
avery.hall,nathan.baker
avery.hall,hannah.gonzalez
avery.hall,david.carter
avery.hall,addison.perez
avery.hall,joseph.evans
avery.hall,aria.stewart
avery.hall,jameson.flores
avery.hall,aubrey.collins
avery.hall,wyatt.nguyen
avery.hall,ella.hill
avery.hall,julian.rivera
avery.hall,samantha.campbell
avery.hall,luke.mitchell
avery.hall,anna.perez
avery.hall,lincoln.roberts
avery.hall,ariana.turner
avery.hall,oliver.phillips
avery.hall,brooklyn.sanchez
avery.hall,colton.long
avery.hall,ethan.parker
avery.hall,mia.collins
avery.hall,lucas.martinez
avery.hall,isabelle.nelson
avery.hall,ryan.cooper
avery.hall,emily.ward
avery.hall,mason.roberts
avery.hall,amelia.reed
avery.hall,jack.howard
avery.hall,natalie.king
avery.hall,jacob.richards
avery.hall,mia.myers
avery.hall,ethan.morris
avery.hall,aubrey.wood
avery.hall,samuel.russell
avery.hall,isabella.watson
avery.hall,chloe.sullivan
avery.hall,james.cooper
avery.hall,olivia.peterson
avery.hall,liam.ross
avery.hall,ava.hughes
avery.hall,sophia.wood
avery.hall,logan.jenkins
avery.hall,zoey.bailey
avery.hall,nathan.lee
avery.hall,william.harris
avery.hall,ava.cooper
avery.hall,daniel.ramirez
avery.hall,ella.nelson
avery.hall,dylan.mitchell
avery.hall,grace.jenkins
avery.hall,jacob.carter
avery.hall,isabella.phillips
avery.hall,oliver.cooper
avery.hall,mia.hughes
avery.hall,lucas.roberts
avery.hall,amelia.cook
avery.hall,ethan.foster
avery.hall,ava.richards
avery.hall,emma.perry
avery.hall,liam.jenkins
avery.hall,olivia.bailey
avery.hall,noah.kelly
avery.hall,isabella.ward
avery.hall,jacob.ross
avery.hall,mia.phillips
avery.hall,ethan.murphy
avery.hall,ava.nelson
avery.hall,oliver.watson
avery.hall,emma.sullivan
avery.hall,liam.watson
avery.hall,olivia.cooper
avery.hall,noah.parker
avery.hall,jacob.bailey
avery.hall,ethan.ramirez
scarlett.young,john.smith
scarlett.young,emily.johnson
scarlett.young,michael.williams
scarlett.young,emma.brown
scarlett.young,joshua.jones
scarlett.young,madison.davis
scarlett.young,daniel.miller
scarlett.young,olivia.wilson
scarlett.young,james.moore
scarlett.young,ava.taylor
scarlett.young,ethan.anderson
scarlett.young,sophia.thomas
scarlett.young,alexander.jackson
scarlett.young,isabella.white
scarlett.young,mason.harris
scarlett.young,mia.martin
scarlett.young,william.thompson
scarlett.young,amelia.garcia
scarlett.young,benjamin.martinez
scarlett.young,chloe.robinson
scarlett.young,elijah.clark
scarlett.young,charlotte.rodriguez
scarlett.young,carter.lewis
scarlett.young,grace.lee
scarlett.young,henry.walker
scarlett.young,avery.hall
scarlett.young,sebastian.allen
scarlett.young,lily.hernandez
scarlett.young,gabriel.king
scarlett.young,zoe.scott
scarlett.young,jackson.green
scarlett.young,madelyn.adams
scarlett.young,nathan.baker
scarlett.young,hannah.gonzalez
scarlett.young,david.carter
scarlett.young,addison.perez
scarlett.young,joseph.evans
scarlett.young,aria.stewart
scarlett.young,jameson.flores
scarlett.young,aubrey.collins
scarlett.young,wyatt.nguyen
scarlett.young,ella.hill
scarlett.young,julian.rivera
scarlett.young,samantha.campbell
scarlett.young,luke.mitchell
scarlett.young,anna.perez
scarlett.young,lincoln.roberts
scarlett.young,ariana.turner
scarlett.young,oliver.phillips
scarlett.young,brooklyn.sanchez
scarlett.young,colton.long
scarlett.young,ethan.parker
scarlett.young,mia.collins
scarlett.young,lucas.martinez
scarlett.young,isabelle.nelson
scarlett.young,ryan.cooper
scarlett.young,emily.ward
scarlett.young,mason.roberts
scarlett.young,amelia.reed
scarlett.young,jack.howard
scarlett.young,natalie.king
scarlett.young,jacob.richards
scarlett.young,mia.myers
scarlett.young,ethan.morris
scarlett.young,aubrey.wood
scarlett.young,samuel.russell
scarlett.young,isabella.watson
scarlett.young,chloe.sullivan
scarlett.young,james.cooper
scarlett.young,olivia.peterson
scarlett.young,liam.ross
scarlett.young,ava.hughes
scarlett.young,sophia.wood
scarlett.young,logan.jenkins
scarlett.young,zoey.bailey
scarlett.young,nathan.lee
scarlett.young,william.harris
scarlett.young,ava.cooper
scarlett.young,daniel.ramirez
scarlett.young,ella.nelson
scarlett.young,dylan.mitchell
scarlett.young,grace.jenkins
scarlett.young,jacob.carter
scarlett.young,isabella.phillips
scarlett.young,oliver.cooper
scarlett.young,mia.hughes
scarlett.young,lucas.roberts
scarlett.young,amelia.cook
scarlett.young,ethan.foster
scarlett.young,ava.richards
scarlett.young,emma.perry
scarlett.young,liam.jenkins
scarlett.young,olivia.bailey
scarlett.young,noah.kelly
scarlett.young,isabella.ward
scarlett.young,jacob.ross
scarlett.young,mia.phillips
scarlett.young,ethan.murphy
scarlett.young,ava.nelson
scarlett.young,oliver.watson
scarlett.young,emma.sullivan
scarlett.young,liam.watson
scarlett.young,olivia.cooper
scarlett.young,noah.parker
scarlett.young,jacob.bailey
scarlett.young,ethan.ramirez
sebastian.allen,john.smith
sebastian.allen,emily.johnson
sebastian.allen,michael.williams
sebastian.allen,emma.brown
sebastian.allen,joshua.jones
sebastian.allen,madison.davis
sebastian.allen,daniel.miller
sebastian.allen,olivia.wilson
sebastian.allen,james.moore
sebastian.allen,ava.taylor
sebastian.allen,ethan.anderson
sebastian.allen,sophia.thomas
sebastian.allen,alexander.jackson
sebastian.allen,isabella.white
sebastian.allen,mason.harris
sebastian.allen,mia.martin
sebastian.allen,william.thompson
sebastian.allen,amelia.garcia
sebastian.allen,benjamin.martinez
sebastian.allen,chloe.robinson
sebastian.allen,elijah.clark
sebastian.allen,charlotte.rodriguez
sebastian.allen,carter.lewis
sebastian.allen,grace.lee
sebastian.allen,henry.walker
sebastian.allen,avery.hall
sebastian.allen,scarlett.young
sebastian.allen,lily.hernandez
sebastian.allen,gabriel.king
sebastian.allen,zoe.scott
sebastian.allen,jackson.green
sebastian.allen,madelyn.adams
sebastian.allen,nathan.baker
sebastian.allen,hannah.gonzalez
sebastian.allen,david.carter
sebastian.allen,addison.perez
sebastian.allen,joseph.evans
sebastian.allen,aria.stewart
sebastian.allen,jameson.flores
sebastian.allen,aubrey.collins
sebastian.allen,wyatt.nguyen
sebastian.allen,ella.hill
sebastian.allen,julian.rivera
sebastian.allen,samantha.campbell
sebastian.allen,luke.mitchell
sebastian.allen,anna.perez
sebastian.allen,lincoln.roberts
sebastian.allen,ariana.turner
sebastian.allen,oliver.phillips
sebastian.allen,brooklyn.sanchez
sebastian.allen,colton.long
sebastian.allen,ethan.parker
sebastian.allen,mia.collins
sebastian.allen,lucas.martinez
sebastian.allen,isabelle.nelson
sebastian.allen,ryan.cooper
sebastian.allen,emily.ward
sebastian.allen,mason.roberts
sebastian.allen,amelia.reed
sebastian.allen,jack.howard
sebastian.allen,natalie.king
sebastian.allen,jacob.richards
sebastian.allen,mia.myers
sebastian.allen,ethan.morris
sebastian.allen,aubrey.wood
sebastian.allen,samuel.russell
sebastian.allen,isabella.watson
sebastian.allen,chloe.sullivan
sebastian.allen,james.cooper
sebastian.allen,olivia.peterson
sebastian.allen,liam.ross
sebastian.allen,ava.hughes
sebastian.allen,sophia.wood
sebastian.allen,logan.jenkins
sebastian.allen,zoey.bailey
sebastian.allen,nathan.lee
sebastian.allen,william.harris
sebastian.allen,ava.cooper
sebastian.allen,daniel.ramirez
sebastian.allen,ella.nelson
sebastian.allen,dylan.mitchell
sebastian.allen,grace.jenkins
sebastian.allen,jacob.carter
sebastian.allen,isabella.phillips
sebastian.allen,oliver.cooper
sebastian.allen,mia.hughes
sebastian.allen,lucas.roberts
sebastian.allen,amelia.cook
sebastian.allen,ethan.foster
sebastian.allen,ava.richards
sebastian.allen,emma.perry
sebastian.allen,liam.jenkins
sebastian.allen,olivia.bailey
sebastian.allen,noah.kelly
sebastian.allen,isabella.ward
sebastian.allen,jacob.ross
sebastian.allen,mia.phillips
sebastian.allen,ethan.murphy
sebastian.allen,ava.nelson
sebastian.allen,oliver.watson
sebastian.allen,emma.sullivan
sebastian.allen,liam.watson
sebastian.allen,olivia.cooper
sebastian.allen,noah.parker
sebastian.allen,jacob.bailey
sebastian.allen,ethan.ramirez
lily.hernandez,john.smith
lily.hernandez,emily.johnson
lily.hernandez,michael.williams
lily.hernandez,emma.brown
lily.hernandez,joshua.jones
lily.hernandez,madison.davis
lily.hernandez,daniel.miller
lily.hernandez,olivia.wilson
lily.hernandez,james.moore
lily.hernandez,ava.taylor
lily.hernandez,ethan.anderson
lily.hernandez,sophia.thomas
lily.hernandez,alexander.jackson
lily.hernandez,isabella.white
lily.hernandez,mason.harris
lily.hernandez,mia.martin
lily.hernandez,william.thompson
lily.hernandez,amelia.garcia
lily.hernandez,benjamin.martinez
lily.hernandez,chloe.robinson
lily.hernandez,elijah.clark
lily.hernandez,charlotte.rodriguez
lily.hernandez,carter.lewis
lily.hernandez,grace.lee
lily.hernandez,henry.walker
lily.hernandez,avery.hall
lily.hernandez,scarlett.young
lily.hernandez,sebastian.allen
lily.hernandez,gabriel.king
lily.hernandez,zoe.scott
lily.hernandez,jackson.green
lily.hernandez,madelyn.adams
lily.hernandez,nathan.baker
lily.hernandez,hannah.gonzalez
lily.hernandez,david.carter
lily.hernandez,addison.perez
lily.hernandez,joseph.evans
lily.hernandez,aria.stewart
lily.hernandez,jameson.flores
lily.hernandez,aubrey.collins
lily.hernandez,wyatt.nguyen
lily.hernandez,ella.hill
lily.hernandez,julian.rivera
lily.hernandez,samantha.campbell
lily.hernandez,luke.mitchell
lily.hernandez,anna.perez
lily.hernandez,lincoln.roberts
lily.hernandez,ariana.turner
lily.hernandez,oliver.phillips
lily.hernandez,brooklyn.sanchez
lily.hernandez,colton.long
lily.hernandez,ethan.parker
lily.hernandez,mia.collins
lily.hernandez,lucas.martinez
lily.hernandez,isabelle.nelson
lily.hernandez,ryan.cooper
lily.hernandez,emily.ward
lily.hernandez,mason.roberts
lily.hernandez,amelia.reed
lily.hernandez,jack.howard
lily.hernandez,natalie.king
lily.hernandez,jacob.richards
lily.hernandez,mia.myers
lily.hernandez,ethan.morris
lily.hernandez,aubrey.wood
lily.hernandez,samuel.russell
lily.hernandez,isabella.watson
lily.hernandez,chloe.sullivan
lily.hernandez,james.cooper
lily.hernandez,olivia.peterson
lily.hernandez,liam.ross
lily.hernandez,ava.hughes
lily.hernandez,sophia.wood
lily.hernandez,logan.jenkins
lily.hernandez,zoey.bailey
lily.hernandez,nathan.lee
lily.hernandez,william.harris
lily.hernandez,ava.cooper
lily.hernandez,daniel.ramirez
lily.hernandez,ella.nelson
lily.hernandez,dylan.mitchell
lily.hernandez,grace.jenkins
lily.hernandez,jacob.carter
lily.hernandez,isabella.phillips
lily.hernandez,oliver.cooper
lily.hernandez,mia.hughes
lily.hernandez,lucas.roberts
lily.hernandez,amelia.cook
lily.hernandez,ethan.foster
lily.hernandez,ava.richards
lily.hernandez,emma.perry
lily.hernandez,liam.jenkins
lily.hernandez,olivia.bailey
lily.hernandez,noah.kelly
lily.hernandez,isabella.ward
lily.hernandez,jacob.ross
lily.hernandez,mia.phillips
lily.hernandez,ethan.murphy
lily.hernandez,ava.nelson
lily.hernandez,oliver.watson
lily.hernandez,emma.sullivan
lily.hernandez,liam.watson
lily.hernandez,olivia.cooper
lily.hernandez,noah.parker
lily.hernandez,jacob.bailey
lily.hernandez,ethan.ramirez
gabriel.king,john.smith
gabriel.king,emily.johnson
gabriel.king,michael.williams
gabriel.king,emma.brown
gabriel.king,joshua.jones
gabriel.king,madison.davis
gabriel.king,daniel.miller
gabriel.king,olivia.wilson
gabriel.king,james.moore
gabriel.king,ava.taylor
gabriel.king,ethan.anderson
gabriel.king,sophia.thomas
gabriel.king,alexander.jackson
gabriel.king,isabella.white
gabriel.king,mason.harris
gabriel.king,mia.martin
gabriel.king,william.thompson
gabriel.king,amelia.garcia
gabriel.king,benjamin.martinez
gabriel.king,chloe.robinson
gabriel.king,elijah.clark
gabriel.king,charlotte.rodriguez
gabriel.king,carter.lewis
gabriel.king,grace.lee
gabriel.king,henry.walker
gabriel.king,avery.hall
gabriel.king,scarlett.young
gabriel.king,sebastian.allen
gabriel.king,lily.hernandez
gabriel.king,zoe.scott
gabriel.king,jackson.green
gabriel.king,madelyn.adams
gabriel.king,nathan.baker
gabriel.king,hannah.gonzalez
gabriel.king,david.carter
gabriel.king,addison.perez
gabriel.king,joseph.evans
gabriel.king,aria.stewart
gabriel.king,jameson.flores
gabriel.king,aubrey.collins
gabriel.king,wyatt.nguyen
gabriel.king,ella.hill
gabriel.king,julian.rivera
gabriel.king,samantha.campbell
gabriel.king,luke.mitchell
gabriel.king,anna.perez
gabriel.king,lincoln.roberts
gabriel.king,ariana.turner
gabriel.king,oliver.phillips
gabriel.king,brooklyn.sanchez
gabriel.king,colton.long
gabriel.king,ethan.parker
gabriel.king,mia.collins
gabriel.king,lucas.martinez
gabriel.king,isabelle.nelson
gabriel.king,ryan.cooper
gabriel.king,emily.ward
gabriel.king,mason.roberts
gabriel.king,amelia.reed
gabriel.king,jack.howard
gabriel.king,natalie.king
gabriel.king,jacob.richards
gabriel.king,mia.myers
gabriel.king,ethan.morris
gabriel.king,aubrey.wood
gabriel.king,samuel.russell
gabriel.king,isabella.watson
gabriel.king,chloe.sullivan
gabriel.king,james.cooper
gabriel.king,olivia.peterson
gabriel.king,liam.ross
gabriel.king,ava.hughes
gabriel.king,sophia.wood
gabriel.king,logan.jenkins
gabriel.king,zoey.bailey
gabriel.king,nathan.lee
gabriel.king,william.harris
gabriel.king,ava.cooper
gabriel.king,daniel.ramirez
gabriel.king,ella.nelson
gabriel.king,dylan.mitchell
gabriel.king,grace.jenkins
gabriel.king,jacob.carter
gabriel.king,isabella.phillips
gabriel.king,oliver.cooper
gabriel.king,mia.hughes
gabriel.king,lucas.roberts
gabriel.king,amelia.cook
gabriel.king,ethan.foster
gabriel.king,ava.richards
gabriel.king,emma.perry
gabriel.king,liam.jenkins
gabriel.king,olivia.bailey
gabriel.king,noah.kelly
gabriel.king,isabella.ward
gabriel.king,jacob.ross
gabriel.king,mia.phillips
gabriel.king,ethan.murphy
gabriel.king,ava.nelson
gabriel.king,oliver.watson
gabriel.king,emma.sullivan
gabriel.king,liam.watson
gabriel.king,olivia.cooper
gabriel.king,noah.parker
gabriel.king,jacob.bailey
gabriel.king,ethan.ramirez
zoe.scott,john.smith
zoe.scott,emily.johnson
zoe.scott,michael.williams
zoe.scott,emma.brown
zoe.scott,joshua.jones
zoe.scott,madison.davis
zoe.scott,daniel.miller
zoe.scott,olivia.wilson
zoe.scott,james.moore
zoe.scott,ava.taylor
zoe.scott,ethan.anderson
zoe.scott,sophia.thomas
zoe.scott,alexander.jackson
zoe.scott,isabella.white
zoe.scott,mason.harris
zoe.scott,mia.martin
zoe.scott,william.thompson
zoe.scott,amelia.garcia
zoe.scott,benjamin.martinez
zoe.scott,chloe.robinson
zoe.scott,elijah.clark
zoe.scott,charlotte.rodriguez
zoe.scott,carter.lewis
zoe.scott,grace.lee
zoe.scott,henry.walker
zoe.scott,avery.hall
zoe.scott,scarlett.young
zoe.scott,sebastian.allen
zoe.scott,lily.hernandez
zoe.scott,gabriel.king
zoe.scott,jackson.green
zoe.scott,madelyn.adams
zoe.scott,nathan.baker
zoe.scott,hannah.gonzalez
zoe.scott,david.carter
zoe.scott,addison.perez
zoe.scott,joseph.evans
zoe.scott,aria.stewart
zoe.scott,jameson.flores
zoe.scott,aubrey.collins
zoe.scott,wyatt.nguyen
zoe.scott,ella.hill
zoe.scott,julian.rivera
zoe.scott,samantha.campbell
zoe.scott,luke.mitchell
zoe.scott,anna.perez
zoe.scott,lincoln.roberts
zoe.scott,ariana.turner
zoe.scott,oliver.phillips
zoe.scott,brooklyn.sanchez
zoe.scott,colton.long
zoe.scott,ethan.parker
zoe.scott,mia.collins
zoe.scott,lucas.martinez
zoe.scott,isabelle.nelson
zoe.scott,ryan.cooper
zoe.scott,emily.ward
zoe.scott,mason.roberts
zoe.scott,amelia.reed
zoe.scott,jack.howard
zoe.scott,natalie.king
zoe.scott,jacob.richards
zoe.scott,mia.myers
zoe.scott,ethan.morris
zoe.scott,aubrey.wood
zoe.scott,samuel.russell
zoe.scott,isabella.watson
zoe.scott,chloe.sullivan
zoe.scott,james.cooper
zoe.scott,olivia.peterson
zoe.scott,liam.ross
zoe.scott,ava.hughes
zoe.scott,sophia.wood
zoe.scott,logan.jenkins
zoe.scott,zoey.bailey
zoe.scott,nathan.lee
zoe.scott,william.harris
zoe.scott,ava.cooper
zoe.scott,daniel.ramirez
zoe.scott,ella.nelson
zoe.scott,dylan.mitchell
zoe.scott,grace.jenkins
zoe.scott,jacob.carter
zoe.scott,isabella.phillips
zoe.scott,oliver.cooper
zoe.scott,mia.hughes
zoe.scott,lucas.roberts
zoe.scott,amelia.cook
zoe.scott,ethan.foster
zoe.scott,ava.richards
zoe.scott,emma.perry
zoe.scott,liam.jenkins
zoe.scott,olivia.bailey
zoe.scott,noah.kelly
zoe.scott,isabella.ward
zoe.scott,jacob.ross
zoe.scott,mia.phillips
zoe.scott,ethan.murphy
zoe.scott,ava.nelson
zoe.scott,oliver.watson
zoe.scott,emma.sullivan
zoe.scott,liam.watson
zoe.scott,olivia.cooper
zoe.scott,noah.parker
zoe.scott,jacob.bailey
zoe.scott,ethan.ramirez
jackson.green,john.smith
jackson.green,emily.johnson
jackson.green,michael.williams
jackson.green,emma.brown
jackson.green,joshua.jones
jackson.green,madison.davis
jackson.green,daniel.miller
jackson.green,olivia.wilson
jackson.green,james.moore
jackson.green,ava.taylor
jackson.green,ethan.anderson
jackson.green,sophia.thomas